contig	motif	mod_type	mod_position	median	mean_read_cov	N_motif_obs	motif_occurences_total
contig_1	GATC	a	1	0.6538461538461539	13	2	2
contig_1	CCWGG	m	1	0.9100790513833992	18.75	4	4
contig_10	GATC	a	1	0	4.14	50	60
contig_10	GATATC	a	1	0	3.5	2	2
contig_10	ANGTATAC	a	6	0	4.5	10	10
contig_10	ATGNNNNNGCT	a	0	0	4.75	4	5
contig_10	CCWGG	m	1	0	4.666666666666667	12	16
contig_100	GATC	a	1	0	37.144444444444446	360	360
contig_100	GATATC	a	1	0	39.5	60	60
contig_100	ANGTATAC	a	6	0	35.6	5	5
contig_100	ATGNNNNNGCT	a	0	0	36.71153846153846	52	52
contig_100	CCWGG	m	1	0	34.886792452830186	106	106
contig_101	GATC	a	1	0	3.7142857142857144	7	12
contig_101	ANGTATAC	a	6	0	6	1	1
contig_101	ATGNNNNNGCT	a	0	0	4.333333333333333	3	4
contig_102	GATC	a	1	0	5.1923076923076925	26	66
contig_102	ANGTATAC	a	6	0	3	1	1
contig_102	CCWGG	m	1	0	7	5	12
contig_103	GATC	a	1	0	4.666666666666667	57	74
contig_103	GATATC	a	1	0	3.5	2	2
contig_103	ATGNNNNNGCT	a	0	0	4.6	5	7
contig_103	CCWGG	m	1	0	4.611111111111111	18	20
contig_104	GATC	a	1	0	4.125	8	30
contig_104	GATATC	a	1	0	4.666666666666667	6	10
contig_104	ATGNNNNNGCT	a	0	0	4.5	2	5
contig_104	CCWGG	m	1	0	5	2	2
contig_105	GATC	a	1	0	8.8	20	36
contig_105	ATGNNNNNGCT	a	0	0	10	2	4
contig_105	CCWGG	m	1	0	4.5	12	26
contig_106	GATC	a	1	0	6.8	10	10
contig_106	GATATC	a	1	0	7.5	4	4
contig_106	ANGTATAC	a	6	0	10	1	1
contig_106	CCWGG	m	1	0	7.4	5	6
contig_107	GATC	a	1	0	3.75	4	10
contig_107	ATGNNNNNGCT	a	0	0	3	1	4
contig_107	CCWGG	m	1	0	4	2	6
contig_108	GATC	a	1	0	4.538461538461538	52	58
contig_108	ANGTATAC	a	6	0	3	1	1
contig_108	CCWGG	m	1	0	4.170731707317073	41	68
contig_109	GATC	a	1	0	3.586206896551724	29	44
contig_109	GATATC	a	1	0	5	1	2
contig_109	ATGNNNNNGCT	a	0	0.1	4.5	2	3
contig_109	CCWGG	m	1	0	3.3157894736842106	19	34
contig_110	GATC	a	1	0	3.82	50	76
contig_110	ATGNNNNNGCT	a	0	0	4	1	2
contig_110	CCWGG	m	1	0	4.304347826086956	46	78
contig_111	GATC	a	1	0	3.5	20	38
contig_111	ATGNNNNNGCT	a	0	0	4	3	7
contig_111	CCWGG	m	1	0	3.6666666666666665	6	14
contig_112	GATC	a	1	0	3.5	8	22
contig_112	GATATC	a	1	0	3	1	4
contig_112	CCWGG	m	1	0	3.3333333333333335	3	8
contig_113	GATC	a	1	0	3.7142857142857144	21	28
contig_113	GATATC	a	1	0	7	2	2
contig_113	ANGTATAC	a	6	0	4	2	2
contig_113	ATGNNNNNGCT	a	0	0	3	1	1
contig_113	CCWGG	m	1	0	4.5	2	2
contig_114	GATC	a	1	0	4	22	44
contig_114	ATGNNNNNGCT	a	0	0.1	4.5	2	3
contig_114	CCWGG	m	1	0	4	4	12
contig_115	GATC	a	1	0	4.2	15	22
contig_115	CCWGG	m	1	0	4.225806451612903	31	52
contig_116	GATC	a	1	0	8.105263157894736	19	22
contig_116	GATATC	a	1	0	7	2	2
contig_116	ATGNNNNNGCT	a	0	0.25	4	1	2
contig_116	CCWGG	m	1	0	5.9	10	14
contig_117	GATC	a	1	0	4.083333333333333	12	16
contig_117	CCWGG	m	1	0	4.5	2	4
contig_118	GATC	a	1	0	3.966666666666667	30	56
contig_118	CCWGG	m	1	0	3.909090909090909	22	52
contig_119	GATC	a	1	0	5.117647058823529	17	22
contig_119	ATGNNNNNGCT	a	0	0	3.5	4	7
contig_119	CCWGG	m	1	0	3	1	6
contig_12	GATC	a	1	0	3.625	8	32
contig_12	CCWGG	m	1	0	3.75	4	12
contig_120	GATC	a	1	0	4	27	36
contig_120	ATGNNNNNGCT	a	0	0	3.5	2	2
contig_120	CCWGG	m	1	0	4.068965517241379	29	42
contig_121	GATC	a	1	0.774671052631579	11.277777777777779	18	22
contig_121	GATATC	a	1	0.39285714285714285	9	4	4
contig_121	ATGNNNNNGCT	a	0	0.08333333333333333	5.5	2	2
contig_121	CCWGG	m	1	0.6833333333333333	11	12	12
contig_122	GATC	a	1	0.9012751786874593	418.0996143958869	6224	6224
contig_122	GGNNNGGCGCTGG	m	9	0.14084507042253522	119	23	23
contig_122	GATATC	a	1	0.8424741566274596	368.151376146789	654	654
contig_122	ANGTATAC	a	6	0.009744344482161084	391.96153846153845	26	26
contig_122	ATGNNNNNGCT	a	0	0.018244606711186002	378.9334677419355	496	496
contig_122	CCWGG	m	1	0.9296347225811215	423.34155844155845	3850	3850
contig_123	GATC	a	1	0	3.744186046511628	43	80
contig_123	ATGNNNNNGCT	a	0	0	4.5	2	3
contig_123	CCWGG	m	1	0	3.6307692307692307	65	140
contig_124	GATC	a	1	0	4.076923076923077	13	22
contig_124	GATATC	a	1	0	3	1	4
contig_124	ATGNNNNNGCT	a	0	0	5	4	4
contig_124	CCWGG	m	1	0	4.2	5	6
contig_125	GATC	a	1	0.75	4	2	18
contig_125	GATATC	a	1	0	3.5	2	2
contig_125	ATGNNNNNGCT	a	0	0	3	1	2
contig_125	CCWGG	m	1	1	3.5	6	18
contig_126	GATC	a	1	0.8	3.875	8	34
contig_126	GATATC	a	1	0.3333333333333333	3	1	2
contig_126	CCWGG	m	1	0.6666666666666666	3.6666666666666665	9	22
contig_127	GATC	a	1	0	4.166666666666667	12	20
contig_127	GATATC	a	1	0	4	1	2
contig_127	ATGNNNNNGCT	a	0	0	3	1	3
contig_127	CCWGG	m	1	0	4	2	4
contig_128	GATC	a	1	0	3.25	8	16
contig_128	ATGNNNNNGCT	a	0	0	3	1	1
contig_128	CCWGG	m	1	0	3.5	2	4
contig_129	GATC	a	1	0.3333333333333333	6	15	22
contig_129	CCWGG	m	1	0	8.058823529411764	17	20
contig_13	GATC	a	1	0.85625	17.333333333333332	6	6
contig_13	GATATC	a	1	0.8355855855855856	33.5	2	2
contig_13	ATGNNNNNGCT	a	0	0.1	18.5	2	2
contig_13	CCWGG	m	1	0.9287439613526569	30.875	8	8
contig_130	GATC	a	1	0	3.3	10	16
contig_130	GATATC	a	1	0	4	3	4
contig_130	ATGNNNNNGCT	a	0	0	3	2	2
contig_131	GATC	a	1	0	4.6	40	64
contig_131	ATGNNNNNGCT	a	0	0	4	1	2
contig_131	CCWGG	m	1	0	5.027027027027027	37	70
contig_132	GATC	a	1	1	3	1	4
contig_133	GATC	a	1	0	4.571428571428571	7	8
contig_133	GATATC	a	1	0	5.166666666666667	6	8
contig_133	ATGNNNNNGCT	a	0	0	3	1	2
contig_133	CCWGG	m	1	0	5	2	2
contig_134	GATC	a	1	0	4.03125	32	54
contig_134	ATGNNNNNGCT	a	0	0	3.5	2	3
contig_134	CCWGG	m	1	0	3.942857142857143	35	60
contig_135	GATC	a	1	0	4.551020408163265	49	68
contig_135	GATATC	a	1	0	4	1	2
contig_135	ATGNNNNNGCT	a	0	0	5.5	2	4
contig_135	CCWGG	m	1	0	4.363636363636363	44	86
contig_136	GATC	a	1	0	3.5	10	28
contig_136	GATATC	a	1	0	3	1	2
contig_136	ATGNNNNNGCT	a	0	0	4	1	1
contig_136	CCWGG	m	1	0	3.473684210526316	19	54
contig_137	GATC	a	1	0	4	13	26
contig_137	GATATC	a	1	0	5.5	2	4
contig_137	ATGNNNNNGCT	a	0	0	3	2	6
contig_137	CCWGG	m	1	0	4.75	4	10
contig_138	GATC	a	1	0	3.5	2	8
contig_138	GATATC	a	1	0	3	2	2
contig_138	ATGNNNNNGCT	a	0	0	3	1	3
contig_138	CCWGG	m	1	0	3	1	4
contig_139	GATC	a	1	0	4.829787234042553	47	58
contig_139	GATATC	a	1	0	7	2	4
contig_139	ATGNNNNNGCT	a	0	0	4.714285714285714	7	9
contig_139	CCWGG	m	1	0	4.642857142857143	28	38
contig_14	GATC	a	1	0.6666666666666666	3	3	40
contig_14	CCWGG	m	1	0.3333333333333333	3	1	24
contig_140	GATC	a	1	0	3	3	6
contig_141	GATC	a	1	0	5	2	12
contig_141	CCWGG	m	1	0	4	1	4
contig_142	GATC	a	1	0	5.052631578947368	19	24
contig_142	GATATC	a	1	0	5.666666666666667	3	4
contig_142	ATGNNNNNGCT	a	0	0	4	3	4
contig_142	CCWGG	m	1	0	4	2	4
contig_143	GATC	a	1	0	3.3333333333333335	3	22
contig_143	GATATC	a	1	0	3	1	2
contig_143	ATGNNNNNGCT	a	0	0	3	1	2
contig_143	CCWGG	m	1	0	3	2	6
contig_144	GATC	a	1	0	4.521739130434782	23	32
contig_144	ATGNNNNNGCT	a	0	0	5	1	2
contig_144	CCWGG	m	1	0	4.534883720930233	43	80
contig_145	GATC	a	1	0.6666666666666666	3.6666666666666665	3	18
contig_145	CCWGG	m	1	0	11	2	18
contig_146	GATC	a	1	0.6666666666666666	3.3333333333333335	3	20
contig_146	GATATC	a	1	0	3	1	10
contig_146	CCWGG	m	1	1	3	1	10
contig_147	GATC	a	1	0	3.8378378378378377	37	62
contig_147	CCWGG	m	1	0	3.9583333333333335	24	44
contig_148	GATC	a	1	0	5.267857142857143	56	70
contig_148	GATATC	a	1	0	5.565217391304348	23	26
contig_148	ANGTATAC	a	6	0	4.5	2	2
contig_148	ATGNNNNNGCT	a	0	0	5.7272727272727275	11	11
contig_148	CCWGG	m	1	0	5.4	25	30
contig_149	GATC	a	1	0	5.368421052631579	19	26
contig_149	ATGNNNNNGCT	a	0	0	6	1	1
contig_149	CCWGG	m	1	0	5.421052631578948	19	28
contig_15	GATC	a	1	0	4.870967741935484	31	48
contig_15	GATATC	a	1	0	4.8	10	14
contig_15	ANGTATAC	a	6	0	3.5	2	3
contig_15	ATGNNNNNGCT	a	0	0	3	1	2
contig_15	CCWGG	m	1	0	4.5	8	8
contig_150	GATC	a	1	0	3.2666666666666666	15	46
contig_150	CCWGG	m	1	0	3.3333333333333335	3	10
contig_151	GATC	a	1	0	4.631578947368421	19	26
contig_151	GATATC	a	1	0	4	1	2
contig_151	ATGNNNNNGCT	a	0	0	5	1	2
contig_151	CCWGG	m	1	0	3.5	4	4
contig_152	GATC	a	1	0	3	5	56
contig_152	GATATC	a	1	0	3	6	14
contig_152	ATGNNNNNGCT	a	0	0	3	1	5
contig_152	CCWGG	m	1	0	3	2	28
contig_153	GATC	a	1	0	3.857142857142857	7	12
contig_153	ANGTATAC	a	6	0	5	1	2
contig_153	CCWGG	m	1	0	5	1	2
contig_155	GATC	a	1	0	4.318181818181818	22	34
contig_155	GATATC	a	1	0	3	1	2
contig_155	ATGNNNNNGCT	a	0	0	3	1	1
contig_155	CCWGG	m	1	0	4.333333333333333	9	16
contig_156	GATC	a	1	0	3.8333333333333335	12	26
contig_156	GATATC	a	1	0	3	1	4
contig_156	CCWGG	m	1	0	3	1	4
contig_157	GATC	a	1	0	5.02	50	70
contig_157	GATATC	a	1	0	4	2	2
contig_157	ATGNNNNNGCT	a	0	0	5.75	4	6
contig_157	CCWGG	m	1	0	4.354838709677419	31	52
contig_158	GATC	a	1	0	3.9473684210526314	19	34
contig_158	GATATC	a	1	0.25	4.666666666666667	3	4
contig_158	ATGNNNNNGCT	a	0	0	3	1	1
contig_158	CCWGG	m	1	0	3.769230769230769	13	30
contig_159	GATC	a	1	1	3.5	6	24
contig_159	CCWGG	m	1	1	3	1	2
contig_16	GATC	a	1	0	3	9	64
contig_16	GATATC	a	1	0	3	1	2
contig_16	ATGNNNNNGCT	a	0	0	3	1	1
contig_160	GATC	a	1	0	6.043478260869565	23	30
contig_160	CCWGG	m	1	0	5.05	20	26
contig_161	GATC	a	1	0	3.7142857142857144	7	16
contig_161	GATATC	a	1	0	3	1	2
contig_162	GATC	a	1	0	3.65	20	40
contig_162	GATATC	a	1	0	3	1	2
contig_162	ATGNNNNNGCT	a	0	0	5.5	2	2
contig_162	CCWGG	m	1	0	3.9411764705882355	17	40
contig_163	GATC	a	1	0	3	5	42
contig_163	ATGNNNNNGCT	a	0	0	3	1	2
contig_163	CCWGG	m	1	0	3	1	24
contig_164	GATC	a	1	0	3.4615384615384617	13	18
contig_164	GATATC	a	1	0	3	1	2
contig_164	ATGNNNNNGCT	a	0	0	3.6666666666666665	6	7
contig_164	CCWGG	m	1	0	3	3	6
contig_165	GATC	a	1	0	3.5454545454545454	11	16
contig_165	GATATC	a	1	0	4.666666666666667	3	4
contig_165	ATGNNNNNGCT	a	0	0	4.5	2	2
contig_165	CCWGG	m	1	0	3.3333333333333335	3	8
contig_166	GATC	a	1	0	3.5555555555555554	9	36
contig_166	ATGNNNNNGCT	a	0	0.1	4.5	2	2
contig_166	CCWGG	m	1	0	3	3	8
contig_167	GATC	a	1	0	3.3333333333333335	3	18
contig_167	ATGNNNNNGCT	a	0	0	3	1	2
contig_168	GATC	a	1	0	4.395348837209302	43	50
contig_168	GATATC	a	1	0	5.285714285714286	7	8
contig_168	ANGTATAC	a	6	0	4.5	2	2
contig_168	ATGNNNNNGCT	a	0	0	3.6	5	6
contig_168	CCWGG	m	1	0	4	8	10
contig_169	GATC	a	1	0	3	2	14
contig_169	ATGNNNNNGCT	a	0	0	3	1	1
contig_17	GATC	a	1	0	3.6666666666666665	3	10
contig_17	ANGTATAC	a	6	0	5	1	1
contig_17	ATGNNNNNGCT	a	0	0	4.5	2	4
contig_17	CCWGG	m	1	0	3.5	2	4
contig_170	GATC	a	1	0	4.538461538461538	13	18
contig_170	GATATC	a	1	0.3333333333333333	3	1	2
contig_170	ATGNNNNNGCT	a	0	0	3	1	1
contig_170	CCWGG	m	1	0	3	1	4
contig_171	GATC	a	1	0	3.8	30	88
contig_171	GATATC	a	1	0	3.5	2	8
contig_171	ATGNNNNNGCT	a	0	0	3.5	4	6
contig_171	CCWGG	m	1	0	4	15	56
contig_172	GATC	a	1	0	3.3333333333333335	15	28
contig_172	GATATC	a	1	0	3	2	2
contig_172	CCWGG	m	1	0	3.210526315789474	19	50
contig_173	GATC	a	1	0	4.5	10	12
contig_173	CCWGG	m	1	0	5	1	6
contig_174	GATC	a	1	0	4	12	18
contig_174	GATATC	a	1	0	3	2	2
contig_174	CCWGG	m	1	0	3.8421052631578947	19	36
contig_175	GATC	a	1	0	3	1	12
contig_175	GATATC	a	1	0	3	2	4
contig_176	GATC	a	1	0	3.6666666666666665	21	34
contig_176	ATGNNNNNGCT	a	0	0	3	1	1
contig_176	CCWGG	m	1	0	3.4375	16	44
contig_177	GATC	a	1	0	3.5384615384615383	13	22
contig_177	GATATC	a	1	0	4	2	2
contig_177	CCWGG	m	1	0	3.625	16	36
contig_178	GATC	a	1	0	3.9444444444444446	18	30
contig_178	GATATC	a	1	0	4	2	4
contig_178	ATGNNNNNGCT	a	0	0.3333333333333333	3	1	4
contig_179	GATC	a	1	0	4.388888888888889	54	78
contig_179	GATATC	a	1	0	3	2	2
contig_179	ANGTATAC	a	6	0	3	1	2
contig_179	ATGNNNNNGCT	a	0	0	3	2	4
contig_179	CCWGG	m	1	0	4.2745098039215685	51	88
contig_18	GATC	a	1	0	4.8	10	34
contig_18	ATGNNNNNGCT	a	0	0	4	2	2
contig_18	CCWGG	m	1	0	4.55	20	48
contig_180	GATC	a	1	0	3.2857142857142856	7	18
contig_180	ATGNNNNNGCT	a	0	0	3	1	2
contig_180	CCWGG	m	1	0	3	1	2
contig_181	GATC	a	1	0	3.4285714285714284	14	46
contig_181	ATGNNNNNGCT	a	0	0	4	1	1
contig_181	CCWGG	m	1	0	3	1	4
contig_183	GATC	a	1	0	3.6	10	24
contig_183	ATGNNNNNGCT	a	0	0	4	2	2
contig_183	CCWGG	m	1	0	3	2	6
contig_184	GATC	a	1	0.6666666666666666	3.125	8	28
contig_184	CCWGG	m	1	0.6666666666666666	3	1	14
contig_185	GATC	a	1	0	4.615384615384615	13	18
contig_185	GATATC	a	1	0	4.333333333333333	3	4
contig_185	CCWGG	m	1	0	4.2	5	8
contig_186	GATC	a	1	0	3.6	10	28
contig_186	CCWGG	m	1	0	4.133333333333334	15	32
contig_187	GATC	a	1	0	4.486486486486487	37	94
contig_187	GATATC	a	1	0	5.25	4	8
contig_187	ANGTATAC	a	6	0	5	1	1
contig_187	ATGNNNNNGCT	a	0	0	4.375	8	12
contig_187	CCWGG	m	1	0	4.538461538461538	13	24
contig_188	GATC	a	1	0	4.4	25	30
contig_188	ATGNNNNNGCT	a	0	0.25	4	1	1
contig_188	CCWGG	m	1	0	4.260869565217392	23	38
contig_189	GATC	a	1	0	4.521739130434782	23	44
contig_189	CCWGG	m	1	0	4.291666666666667	24	50
contig_190	GATC	a	1	0	4.785714285714286	14	18
contig_190	GATATC	a	1	0	3	1	2
contig_190	ANGTATAC	a	6	0	5	1	2
contig_190	ATGNNNNNGCT	a	0	0	4.5	4	5
contig_190	CCWGG	m	1	0	4.333333333333333	9	12
contig_191	GATC	a	1	0	4.5625	32	50
contig_191	GATATC	a	1	0	4.5	2	2
contig_191	ANGTATAC	a	6	0	3	1	1
contig_191	ATGNNNNNGCT	a	0	0.1	4.5	2	8
contig_191	CCWGG	m	1	0	4.611111111111111	18	28
contig_192	GATC	a	1	0	4.576923076923077	26	42
contig_192	GATATC	a	1	0	6	3	4
contig_192	ANGTATAC	a	6	0	3	1	1
contig_192	ATGNNNNNGCT	a	0	0	3.5	4	9
contig_192	CCWGG	m	1	0	5.75	8	14
contig_194	GATC	a	1	0	4.2	25	32
contig_194	GATATC	a	1	0	3.5	6	6
contig_194	ATGNNNNNGCT	a	0	0.16666666666666666	4.5	2	3
contig_194	CCWGG	m	1	0	5	2	4
contig_195	GATC	a	1	0	6.062015503875969	129	148
contig_195	GATATC	a	1	0	6.684210526315789	19	20
contig_195	ANGTATAC	a	6	0	5.444444444444445	9	9
contig_195	ATGNNNNNGCT	a	0	0	6.25	20	22
contig_195	CCWGG	m	1	0	5.458333333333333	72	86
contig_196	GATC	a	1	0	5	18	30
contig_196	CCWGG	m	1	0	4.6	20	46
contig_197	GATC	a	1	0	4	9	22
contig_197	CCWGG	m	1	0	4.526315789473684	19	24
contig_198	GATC	a	1	0	4.976744186046512	43	64
contig_198	GATATC	a	1	0	5.5	2	2
contig_198	CCWGG	m	1	0	4.8108108108108105	37	50
contig_199	GATC	a	1	0	3	4	8
contig_199	ATGNNNNNGCT	a	0	0	4	1	4
contig_199	CCWGG	m	1	0	3.5	4	6
contig_2	GATC	a	1	0.9017667092379735	153.75	20	20
contig_2	ANGTATAC	a	6	0	159.5	2	2
contig_2	CCWGG	m	1	0.9166338840807763	159.25	8	8
contig_20	GATC	a	1	0	4.285714285714286	42	46
contig_20	ATGNNNNNGCT	a	0	0.25	4	1	1
contig_20	CCWGG	m	1	0	4.2894736842105265	38	48
contig_200	GATC	a	1	0	3.58974358974359	39	56
contig_200	ATGNNNNNGCT	a	0	0	3	1	1
contig_200	CCWGG	m	1	0	3.641025641025641	39	78
contig_201	GATC	a	1	0	3.4285714285714284	7	26
contig_201	CCWGG	m	1	0	3.5625	16	44
contig_202	GATC	a	1	0	4.416666666666667	12	34
contig_202	CCWGG	m	1	0	3.5	8	28
contig_203	GATC	a	1	0	3.7916666666666665	24	66
contig_203	GATATC	a	1	0	4	2	4
contig_203	ANGTATAC	a	6	0	3	1	1
contig_203	ATGNNNNNGCT	a	0	0	3.5	2	4
contig_203	CCWGG	m	1	0	4	2	8
contig_204	GATC	a	1	0.75	7	2	12
contig_204	ATGNNNNNGCT	a	0	0	8	1	5
contig_204	CCWGG	m	1	0.8285714285714285	8.5	2	8
contig_206	GATC	a	1	0	3	8	42
contig_206	GATATC	a	1	0	3	1	4
contig_206	ATGNNNNNGCT	a	0	0	3	1	3
contig_206	CCWGG	m	1	0	3	1	6
contig_207	GATC	a	1	0	12.923076923076923	39	52
contig_207	GATATC	a	1	0	23	2	2
contig_207	ATGNNNNNGCT	a	0	0	6	1	1
contig_207	CCWGG	m	1	0	6.541666666666667	24	44
contig_208	GATC	a	1	0	3.6363636363636362	11	16
contig_208	CCWGG	m	1	0	3.909090909090909	11	32
contig_209	GATC	a	1	0	4.774193548387097	31	66
contig_209	GATATC	a	1	0	5	1	2
contig_209	ATGNNNNNGCT	a	0	0	4.75	4	6
contig_209	CCWGG	m	1	0	4.8	25	64
contig_21	GATC	a	1	0	42.68775391758561	1723	1726
contig_21	GATATC	a	1	0	44.833333333333336	306	306
contig_21	ANGTATAC	a	6	0	39.705882352941174	17	17
contig_21	ATGNNNNNGCT	a	0	0	42.96680497925311	241	241
contig_21	CCWGG	m	1	0	42.07237813884786	677	678
contig_210	GATC	a	1	0	3.857142857142857	7	10
contig_210	CCWGG	m	1	0	4	2	4
contig_211	GATC	a	1	0	5.333333333333333	21	24
contig_211	ATGNNNNNGCT	a	0	0	4	1	1
contig_211	CCWGG	m	1	0	5.333333333333333	6	8
contig_212	GATC	a	1	0	3.75	8	18
contig_212	GATATC	a	1	0	3.25	4	6
contig_212	ANGTATAC	a	6	0	3	1	1
contig_212	ATGNNNNNGCT	a	0	0	3	1	2
contig_212	CCWGG	m	1	0	3	3	8
contig_213	GATC	a	1	0	3	4	40
contig_213	ATGNNNNNGCT	a	0	0	3	1	4
contig_213	CCWGG	m	1	0	3	1	2
contig_214	GATC	a	1	0	5.461538461538462	26	48
contig_214	GATATC	a	1	0	3	1	4
contig_214	CCWGG	m	1	0	3	6	14
contig_215	GATC	a	1	0	5.159090909090909	88	108
contig_215	GATATC	a	1	0	4.333333333333333	3	4
contig_215	ANGTATAC	a	6	0	4.857142857142857	7	7
contig_215	ATGNNNNNGCT	a	0	0	4.4	15	16
contig_215	CCWGG	m	1	0	5.428571428571429	28	32
contig_216	GATC	a	1	0	4.15	20	34
contig_216	GATATC	a	1	0	3.75	4	8
contig_216	ANGTATAC	a	6	0	4	1	1
contig_216	ATGNNNNNGCT	a	0	0	4.666666666666667	3	8
contig_216	CCWGG	m	1	0	4.5	4	8
contig_217	GATC	a	1	0.791304347826087	12.0625	16	36
contig_217	GATATC	a	1	0.1111111111111111	6.333333333333333	3	6
contig_217	ANGTATAC	a	6	0	4	1	1
contig_217	ATGNNNNNGCT	a	0	0	11	3	3
contig_217	CCWGG	m	1	0.6666666666666666	3.142857142857143	7	20
contig_218	GATC	a	1	0	4.619047619047619	21	28
contig_218	GATATC	a	1	0	5	2	2
contig_218	ATGNNNNNGCT	a	0	0	6	6	9
contig_218	CCWGG	m	1	0	4.085714285714285	35	52
contig_219	GATC	a	1	0	3	1	10
contig_219	CCWGG	m	1	0	3	1	2
contig_22	GATC	a	1	0	38.82751937984496	2064	2068
contig_22	GATATC	a	1	0	39.60909090909091	440	440
contig_22	ANGTATAC	a	6	0	34.34782608695652	23	23
contig_22	ATGNNNNNGCT	a	0	0	37.17948717948718	351	351
contig_22	CCWGG	m	1	0	37.360240963855425	830	830
contig_220	GATC	a	1	0	5.666666666666667	6	8
contig_220	ATGNNNNNGCT	a	0	0	4	1	1
contig_220	CCWGG	m	1	0	5.25	4	4
contig_221	GATC	a	1	0	4.125	8	22
contig_221	GATATC	a	1	0	4	2	4
contig_221	CCWGG	m	1	0	3.3333333333333335	3	8
contig_222	GATC	a	1	0	3	2	6
contig_222	GATATC	a	1	0	3	1	2
contig_222	CCWGG	m	1	0	3	5	12
contig_223	GATC	a	1	0	5.090909090909091	33	54
contig_223	GATATC	a	1	0	6	1	4
contig_223	ATGNNNNNGCT	a	0	0	6	1	1
contig_223	CCWGG	m	1	0	4.4	40	62
contig_224	GATC	a	1	0	3.8636363636363638	22	76
contig_224	GATATC	a	1	0	3	3	6
contig_224	ATGNNNNNGCT	a	0	0	4.6	5	11
contig_224	CCWGG	m	1	0	4	7	20
contig_225	GATC	a	1	0	3.875	8	16
contig_225	ANGTATAC	a	6	0	4.5	2	2
contig_225	ATGNNNNNGCT	a	0	0	4	1	2
contig_226	GATC	a	1	0	4.166666666666667	18	24
contig_226	GATATC	a	1	0	3	2	2
contig_226	ANGTATAC	a	6	0	3	1	1
contig_226	ATGNNNNNGCT	a	0	0	7	1	2
contig_226	CCWGG	m	1	0	3.888888888888889	9	16
contig_227	GATC	a	1	0	4.076923076923077	26	82
contig_227	GATATC	a	1	0	5	1	4
contig_227	ANGTATAC	a	6	0	3.5	2	4
contig_227	CCWGG	m	1	0	3.2	5	30
contig_228	GATC	a	1	0	3.3333333333333335	3	14
contig_229	GATC	a	1	0	3	6	36
contig_229	GATATC	a	1	0	3	2	4
contig_23	GATC	a	1	0	18.238095238095237	21	22
contig_23	GATATC	a	1	0	18.4	10	10
contig_23	ATGNNNNNGCT	a	0	0	17	1	1
contig_23	CCWGG	m	1	0	23	2	2
contig_230	GATATC	a	1	0.16666666666666666	3	2	6
contig_231	GATC	a	1	0	3.6363636363636362	11	28
contig_231	ATGNNNNNGCT	a	0	0	4.333333333333333	3	3
contig_231	CCWGG	m	1	0	3.8	5	14
contig_232	GATC	a	1	0	4.9655172413793105	29	48
contig_232	ATGNNNNNGCT	a	0	0	4.666666666666667	3	3
contig_232	CCWGG	m	1	0	4.264705882352941	34	68
contig_233	GATC	a	1	0	3	1	4
contig_233	ATGNNNNNGCT	a	0	0	3	1	1
contig_236	GATC	a	1	0	4.285714285714286	7	14
contig_236	GATATC	a	1	0	5	1	2
contig_236	ATGNNNNNGCT	a	0	0	4	2	2
contig_236	CCWGG	m	1	0	4.363636363636363	22	42
contig_237	GATC	a	1	0	3.0555555555555554	18	18
contig_237	ATGNNNNNGCT	a	0	0	3	5	5
contig_237	CCWGG	m	1	0	3.25	4	6
contig_238	GATC	a	1	0	3.1666666666666665	6	24
contig_238	ATGNNNNNGCT	a	0	0.1	4	2	4
contig_238	CCWGG	m	1	0	3.142857142857143	7	26
contig_239	GATC	a	1	0	3.5714285714285716	7	10
contig_239	ATGNNNNNGCT	a	0	0	3	1	2
contig_239	CCWGG	m	1	0	3.2	5	6
contig_24	GATC	a	1	0	5.95	20	24
contig_24	GATATC	a	1	0	5.75	4	4
contig_24	CCWGG	m	1	0	4.666666666666667	3	4
contig_240	GATC	a	1	0	3.8333333333333335	12	24
contig_240	GATATC	a	1	0	4.333333333333333	3	6
contig_240	ANGTATAC	a	6	0	3.3333333333333335	3	3
contig_240	ATGNNNNNGCT	a	0	0	4.5	4	5
contig_241	GATC	a	1	0	4.1688311688311686	77	104
contig_241	GATATC	a	1	0	4.666666666666667	3	6
contig_241	ATGNNNNNGCT	a	0	0	4.75	4	4
contig_241	CCWGG	m	1	0	4.170731707317073	41	74
contig_242	GATC	a	1	0	3.6	5	8
contig_242	GATATC	a	1	0	3.5	2	4
contig_242	ATGNNNNNGCT	a	0	0	4	1	2
contig_243	GATC	a	1	0	3.6666666666666665	3	42
contig_244	GATC	a	1	0	4.888888888888889	99	126
contig_244	GATATC	a	1	0	4.5	4	4
contig_244	ATGNNNNNGCT	a	0	0	6	7	10
contig_244	CCWGG	m	1	0	4.4625	80	120
contig_245	GATC	a	1	0	9.75	4	4
contig_245	GATATC	a	1	0	8.333333333333334	6	6
contig_245	ATGNNNNNGCT	a	0	0	8	1	1
contig_245	CCWGG	m	1	0	10.5	2	2
contig_246	GATC	a	1	0	4.944444444444445	18	20
contig_246	GATATC	a	1	0	3.3333333333333335	3	6
contig_246	ANGTATAC	a	6	0	3.5	2	2
contig_246	ATGNNNNNGCT	a	0	0	3.2	5	8
contig_246	CCWGG	m	1	0	5.153846153846154	13	16
contig_247	GATC	a	1	0	3.2857142857142856	7	18
contig_247	ATGNNNNNGCT	a	0	0	3	1	1
contig_247	CCWGG	m	1	0	3	1	4
contig_248	GATC	a	1	0	4.4	20	30
contig_248	ATGNNNNNGCT	a	0	0	4	1	2
contig_248	CCWGG	m	1	0	4.133333333333334	15	32
contig_249	GATC	a	1	0	4.5588235294117645	34	50
contig_249	ATGNNNNNGCT	a	0	0	6	1	1
contig_249	CCWGG	m	1	0	4.5675675675675675	37	46
contig_25	GATC	a	1	0	26.863636363636363	22	22
contig_25	GATATC	a	1	0	26	6	6
contig_25	ANGTATAC	a	6	0	23	1	1
contig_25	ATGNNNNNGCT	a	0	0	16.666666666666668	3	3
contig_25	CCWGG	m	1	0	24.666666666666668	12	12
contig_250	GATC	a	1	0	42.94506172839506	1620	1620
contig_250	GATATC	a	1	0	42.36363636363637	176	176
contig_250	ANGTATAC	a	6	0.7317073170731707	37.891891891891895	37	37
contig_250	ATGNNNNNGCT	a	0	0.7954545454545454	37.604729729729726	296	296
contig_250	CCWGG	m	1	0	42.202412868632706	746	746
contig_251	GATC	a	1	0	46.810344827586206	174	174
contig_251	GATATC	a	1	0	53.59090909090909	22	22
contig_251	ANGTATAC	a	6	0.8125	44	3	3
contig_251	ATGNNNNNGCT	a	0	0.8085106382978723	44.05882352941177	17	17
contig_251	CCWGG	m	1	0	42.95454545454545	66	66
contig_252	GATC	a	1	0	47.09298780487805	656	656
contig_252	GATATC	a	1	0	48.18055555555556	72	72
contig_252	ANGTATAC	a	6	0.74	44.18181818181818	11	11
contig_252	ATGNNNNNGCT	a	0	0.8	41.52866242038217	157	157
contig_252	CCWGG	m	1	0	44.30368098159509	326	326
contig_253	GATC	a	1	0	32.682232346241456	6146	6146
contig_253	GATATC	a	1	0	32.933242506811986	734	734
contig_253	ANGTATAC	a	6	0.7	31.25287356321839	87	87
contig_253	ATGNNNNNGCT	a	0	0.8125	28.86124031007752	1290	1290
contig_253	CCWGG	m	1	0	32.30677966101695	2360	2360
contig_254	GATC	a	1	0	4.125	16	22
contig_254	CCWGG	m	1	0	5.53125	32	62
contig_255	GATC	a	1	0.875	3.25	4	22
contig_255	GATATC	a	1	0	4	3	6
contig_255	ATGNNNNNGCT	a	0	0	3	1	5
contig_255	CCWGG	m	1	0	3.3333333333333335	3	16
contig_256	GATC	a	1	0	3.75	12	22
contig_256	CCWGG	m	1	0	3.869565217391304	23	50
contig_257	GATC	a	1	0	5.7272727272727275	11	18
contig_257	ATGNNNNNGCT	a	0	0	4	1	1
contig_257	CCWGG	m	1	0	4.947368421052632	19	30
contig_258	GATC	a	1	0	3	1	2
contig_258	GATATC	a	1	0	3	1	2
contig_258	CCWGG	m	1	0	5	1	2
contig_259	GATC	a	1	0	4	15	32
contig_259	ATGNNNNNGCT	a	0	0	4	2	2
contig_259	CCWGG	m	1	0	5	1	6
contig_26	GATC	a	1	0	34.74049487024744	1657	1660
contig_26	GATATC	a	1	0	35.359756097560975	328	328
contig_26	ANGTATAC	a	6	0	32.107142857142854	28	28
contig_26	ATGNNNNNGCT	a	0	0	33.3780487804878	246	246
contig_26	CCWGG	m	1	0	34.27917981072555	634	634
contig_260	GATC	a	1	0	3	1	12
contig_261	GATC	a	1	0	5.871794871794871	39	50
contig_261	CCWGG	m	1	0	5.518518518518518	27	42
contig_262	GATC	a	1	0	3.6129032258064515	31	66
contig_262	GATATC	a	1	0	3.6666666666666665	3	6
contig_262	ATGNNNNNGCT	a	0	0	3.5	2	4
contig_262	CCWGG	m	1	0	3.6842105263157894	19	62
contig_263	GATC	a	1	1	3	10	42
contig_263	CCWGG	m	1	1	3	3	20
contig_264	GATC	a	1	0	4.117647058823529	17	22
contig_264	ATGNNNNNGCT	a	0	0	3.3333333333333335	3	3
contig_264	CCWGG	m	1	0	4.25	4	6
contig_265	GATC	a	1	0	3.5833333333333335	12	58
contig_265	CCWGG	m	1	0	3.3333333333333335	9	50
contig_266	GATC	a	1	0	3.9285714285714284	14	30
contig_266	CCWGG	m	1	0	3.7666666666666666	30	70
contig_268	GATC	a	1	0	4.125	16	28
contig_268	CCWGG	m	1	0	3.3	10	22
contig_269	GATC	a	1	0	3	3	10
contig_269	ATGNNNNNGCT	a	0	0	3	2	3
contig_269	CCWGG	m	1	0	3	1	4
contig_27	GATC	a	1	0	7.7	10	10
contig_27	GATATC	a	1	0	8.416666666666666	12	12
contig_27	ATGNNNNNGCT	a	0	0	4	1	1
contig_27	CCWGG	m	1	0	7.666666666666667	6	6
contig_270	GATC	a	1	0	4.157894736842105	19	30
contig_270	CCWGG	m	1	0	4	6	8
contig_271	GATC	a	1	0	4.169811320754717	53	92
contig_271	GATATC	a	1	0	4.333333333333333	3	10
contig_271	ANGTATAC	a	6	0	3	1	3
contig_271	CCWGG	m	1	0	4.3125	16	26
contig_272	GATC	a	1	0	4	18	22
contig_272	CCWGG	m	1	0	3.5454545454545454	11	24
contig_273	GATC	a	1	0	4.846153846153846	13	20
contig_273	CCWGG	m	1	0	4.333333333333333	3	6
contig_274	GATC	a	1	0	4.956521739130435	46	54
contig_274	GATATC	a	1	0	6	2	2
contig_274	ATGNNNNNGCT	a	0	0	3.8	5	5
contig_274	CCWGG	m	1	0	4.723404255319149	47	64
contig_276	GATC	a	1	0	4.833333333333333	12	16
contig_276	ANGTATAC	a	6	0	3.5	2	2
contig_276	ATGNNNNNGCT	a	0	0	9	1	1
contig_276	CCWGG	m	1	0	4.2	5	10
contig_277	GATC	a	1	0	3.8333333333333335	6	14
contig_277	GATATC	a	1	0	3	1	2
contig_277	CCWGG	m	1	0	5	2	4
contig_278	GATC	a	1	0	4.333333333333333	15	26
contig_278	ANGTATAC	a	6	0	4	1	1
contig_278	ATGNNNNNGCT	a	0	0	5	1	1
contig_278	CCWGG	m	1	0	4.12	25	50
contig_279	GATC	a	1	0	4.709677419354839	31	42
contig_279	CCWGG	m	1	0	4.925925925925926	27	52
contig_28	GATC	a	1	0	5.0625	16	30
contig_28	GATATC	a	1	0	5	1	2
contig_28	ATGNNNNNGCT	a	0	0	3	2	2
contig_28	CCWGG	m	1	0	4.785714285714286	14	28
contig_280	GATC	a	1	0	3.909090909090909	33	78
contig_280	GATATC	a	1	0	4	1	2
contig_280	ANGTATAC	a	6	0	3	1	2
contig_280	ATGNNNNNGCT	a	0	0	3.7777777777777777	9	13
contig_280	CCWGG	m	1	0	3.3076923076923075	13	26
contig_281	GATC	a	1	0.3333333333333333	3	1	8
contig_282	GATC	a	1	0	3.611111111111111	18	52
contig_282	GATATC	a	1	0	3	1	2
contig_282	ATGNNNNNGCT	a	0	0	3.3333333333333335	3	7
contig_282	CCWGG	m	1	0	4	4	14
contig_283	GATC	a	1	0.30952380952380953	4.6875	16	50
contig_283	GATATC	a	1	0	3	2	4
contig_283	ATGNNNNNGCT	a	0	0.16666666666666666	5.5	2	2
contig_283	CCWGG	m	1	0.75	3.5	2	8
contig_284	GATC	a	1	0	4.473684210526316	19	24
contig_284	ANGTATAC	a	6	0	3	1	1
contig_284	ATGNNNNNGCT	a	0	0	4.75	4	5
contig_284	CCWGG	m	1	0	4.9	10	16
contig_285	GATC	a	1	0	4.074074074074074	27	46
contig_285	GATATC	a	1	0	4.5	2	2
contig_285	CCWGG	m	1	0	3.878787878787879	33	54
contig_286	GATC	a	1	0	5.818181818181818	11	14
contig_286	CCWGG	m	1	0	4	2	4
contig_287	GATC	a	1	0	5.391304347826087	23	24
contig_287	GATATC	a	1	0	5.75	4	4
contig_287	ANGTATAC	a	6	0	5	1	1
contig_287	ATGNNNNNGCT	a	0	0	6.75	4	5
contig_287	CCWGG	m	1	0	6.285714285714286	14	14
contig_288	GATC	a	1	0	3.625	16	38
contig_288	ATGNNNNNGCT	a	0	0	4	1	2
contig_288	CCWGG	m	1	0	3.5	2	6
contig_289	GATC	a	1	0	5.020408163265306	147	174
contig_289	GATATC	a	1	0	5.37037037037037	27	32
contig_289	ANGTATAC	a	6	0	5.333333333333333	3	3
contig_289	ATGNNNNNGCT	a	0	0	5.352941176470588	17	24
contig_289	CCWGG	m	1	0	4.666666666666667	33	36
contig_29	GATC	a	1	0	4.023255813953488	43	54
contig_29	ATGNNNNNGCT	a	0	0	4	4	4
contig_29	CCWGG	m	1	0	4.451612903225806	62	90
contig_290	GATC	a	1	0	7	12	12
contig_290	GATATC	a	1	0.16666666666666666	7.5	2	2
contig_290	ATGNNNNNGCT	a	0	0	7	1	1
contig_291	GATC	a	1	0	3.5	2	28
contig_291	ATGNNNNNGCT	a	0	0	3	1	2
contig_291	CCWGG	m	1	0	3.6666666666666665	3	12
contig_292	GATC	a	1	0	3.8461538461538463	26	50
contig_292	ATGNNNNNGCT	a	0	0	4	1	3
contig_292	CCWGG	m	1	0	4.076923076923077	39	80
contig_293	GATC	a	1	0.8	5	1	8
contig_293	GATATC	a	1	0	3	3	6
contig_293	ATGNNNNNGCT	a	0	0	3	1	2
contig_293	CCWGG	m	1	0.6	4.5	2	6
contig_294	GATC	a	1	0	5.411764705882353	17	24
contig_294	GATATC	a	1	0.16666666666666666	4	2	2
contig_294	CCWGG	m	1	0	5.454545454545454	11	18
contig_295	GATC	a	1	0	4.5	8	16
contig_295	GATATC	a	1	0.2	5	1	2
contig_295	ATGNNNNNGCT	a	0	0	5	1	3
contig_295	CCWGG	m	1	0	6	1	2
contig_296	GATC	a	1	0	3.4	5	24
contig_296	GATATC	a	1	0	3	1	4
contig_297	GATC	a	1	0	3.888888888888889	9	18
contig_297	GATATC	a	1	0	4.666666666666667	3	4
contig_297	ATGNNNNNGCT	a	0	0.16666666666666666	3	2	3
contig_297	CCWGG	m	1	0	3.85	20	38
contig_298	GATC	a	1	0	4.46	50	62
contig_298	ATGNNNNNGCT	a	0	0	5	2	3
contig_298	CCWGG	m	1	0	5	34	46
contig_299	GATC	a	1	0.800336336113947	2066.9285714285716	14	14
contig_299	ATGNNNNNGCT	a	0	0.01201923076923077	2496	1	1
contig_299	CCWGG	m	1	0.8925156945048947	1641.4166666666667	12	12
contig_3	GATC	a	1	0.8909527862352784	2113.3760162601625	492	492
contig_3	GGNNNGGCGCTGG	m	9	0.17978212552506015	1263.5	2	2
contig_3	GATATC	a	1	0.8400531368273303	1960.7560975609756	82	82
contig_3	ANGTATAC	a	6	0.007551062296839918	2233.8	10	10
contig_3	ATGNNNNNGCT	a	0	0.01889068447442731	2031.3793103448277	58	58
contig_3	CCWGG	m	1	0.9270537052394059	2213.4912280701756	456	456
contig_30	GATC	a	1	0	12.823529411764707	17	20
contig_30	GATATC	a	1	0	4	1	2
contig_30	ATGNNNNNGCT	a	0	0	4	1	1
contig_30	CCWGG	m	1	0	17.714285714285715	7	8
contig_300	GATC	a	1	0.8120367449431538	838.3333333333334	18	18
contig_300	ATGNNNNNGCT	a	0	0.021277482812606358	1253.5	4	4
contig_300	CCWGG	m	1	0.9111979037024633	1183.1666666666667	24	24
contig_301	GATC	a	1	0	3.6666666666666665	18	32
contig_301	CCWGG	m	1	0	4.75	24	38
contig_302	GATC	a	1	0	3	2	16
contig_302	ATGNNNNNGCT	a	0	0	3	1	2
contig_302	CCWGG	m	1	0.9	4	2	12
contig_303	GATC	a	1	0	3	1	10
contig_303	GATATC	a	1	0	3	2	6
contig_304	GATC	a	1	0	4.375	8	14
contig_304	GATATC	a	1	0	4	5	6
contig_304	CCWGG	m	1	0	3.5	2	2
contig_305	GATC	a	1	0	3	3	12
contig_305	GATATC	a	1	0	4	2	4
contig_305	ATGNNNNNGCT	a	0	0	3	2	4
contig_306	GATC	a	1	0	6.294117647058823	17	32
contig_306	CCWGG	m	1	0	3	3	12
contig_307	GATC	a	1	0	3.6666666666666665	12	14
contig_307	GATATC	a	1	0	4	2	2
contig_307	ATGNNNNNGCT	a	0	0	3.5	4	5
contig_307	CCWGG	m	1	0	3.869565217391304	23	34
contig_308	GATC	a	1	0	3.590909090909091	22	28
contig_308	CCWGG	m	1	0	3.6923076923076925	13	28
contig_309	GATC	a	1	0	3.76	25	36
contig_309	GATATC	a	1	0	3	1	2
contig_309	CCWGG	m	1	0	3.75	8	24
contig_31	GATC	a	1	0	4.25	24	30
contig_31	GATATC	a	1	0	3	2	2
contig_31	ANGTATAC	a	6	0	5	1	1
contig_31	ATGNNNNNGCT	a	0	0	4	5	5
contig_31	CCWGG	m	1	0	3	1	4
contig_310	GATC	a	1	0	4	8	12
contig_310	CCWGG	m	1	0	4.076923076923077	13	24
contig_311	GATC	a	1	0	7.682926829268292	41	46
contig_311	GATATC	a	1	0	6.5	6	6
contig_311	ATGNNNNNGCT	a	0	0	7.5	10	10
contig_311	CCWGG	m	1	0	7.75	4	4
contig_312	GATC	a	1	0	31.03846153846154	26	26
contig_312	GATATC	a	1	0.02506265664160401	33.3	10	10
contig_312	ATGNNNNNGCT	a	0	0	27.25	4	4
contig_312	CCWGG	m	1	0	30.625	8	8
contig_313	GATC	a	1	0	4.052631578947368	38	48
contig_313	ATGNNNNNGCT	a	0	0	3	5	9
contig_313	CCWGG	m	1	0	4.044444444444444	45	74
contig_314	GATC	a	1	0	3	1	4
contig_314	GATATC	a	1	0.16666666666666666	3.5	2	4
contig_314	CCWGG	m	1	0.5	5.2	5	8
contig_315	GATC	a	1	0	4.130434782608695	23	44
contig_315	ATGNNNNNGCT	a	0	0	3.5	4	8
contig_315	CCWGG	m	1	0	4.25	4	12
contig_316	GATC	a	1	0	4.3125	32	46
contig_316	GATATC	a	1	0	5	2	4
contig_316	ATGNNNNNGCT	a	0	0	4.8	5	6
contig_316	CCWGG	m	1	0	4	25	46
contig_317	GATC	a	1	0	4.4	20	22
contig_317	GATATC	a	1	0	7	1	2
contig_317	ATGNNNNNGCT	a	0	0.16666666666666666	4	2	2
contig_317	CCWGG	m	1	0	4	42	62
contig_318	GATATC	a	1	0	4	1	2
contig_318	ATGNNNNNGCT	a	0	0	3	1	5
contig_319	GATC	a	1	0	3.607142857142857	28	54
contig_319	GATATC	a	1	0	3	1	2
contig_319	ATGNNNNNGCT	a	0	0	3	2	4
contig_319	CCWGG	m	1	0	3.8	5	10
contig_32	GATC	a	1	0	3.888888888888889	9	24
contig_32	CCWGG	m	1	0	3.75	8	28
contig_320	GATC	a	1	0	3.588235294117647	17	32
contig_320	ATGNNNNNGCT	a	0	0	4	2	4
contig_320	CCWGG	m	1	0	3.5	4	14
contig_321	GATC	a	1	0	4.36	25	58
contig_321	ATGNNNNNGCT	a	0	0	3	1	3
contig_321	CCWGG	m	1	0	3.7714285714285714	35	92
contig_322	GATC	a	1	0	3	5	66
contig_323	GATC	a	1	0	4	5	36
contig_324	GATC	a	1	0	3.3333333333333335	3	8
contig_324	GATATC	a	1	0	3	1	2
contig_325	GATC	a	1	0	4.076923076923077	26	40
contig_325	GATATC	a	1	0	4	4	6
contig_325	ATGNNNNNGCT	a	0	0	5.333333333333333	3	4
contig_325	CCWGG	m	1	0	4.142857142857143	7	8
contig_326	GATC	a	1	0	6.95	20	36
contig_326	GATATC	a	1	0	6.666666666666667	3	6
contig_326	ATGNNNNNGCT	a	0	0	9	1	3
contig_326	CCWGG	m	1	0	5.333333333333333	3	12
contig_327	GATC	a	1	0	4.25	8	8
contig_327	CCWGG	m	1	0	3.857142857142857	7	10
contig_328	GATC	a	1	0	3.6666666666666665	6	12
contig_328	CCWGG	m	1	0.3333333333333333	3	1	2
contig_329	GATC	a	1	0	3.142857142857143	7	20
contig_329	CCWGG	m	1	0	4	1	2
contig_33	GATC	a	1	0	5.897435897435898	39	44
contig_33	GATATC	a	1	0	6.5	2	2
contig_33	ANGTATAC	a	6	0	5	1	1
contig_33	ATGNNNNNGCT	a	0	0	5.333333333333333	3	4
contig_33	CCWGG	m	1	0	5.333333333333333	27	40
contig_330	GATC	a	1	0	4.2	5	14
contig_330	GATATC	a	1	0	5	2	4
contig_330	ANGTATAC	a	6	0	3	1	1
contig_330	CCWGG	m	1	0	3	1	2
contig_331	GATC	a	1	0	4.857142857142857	14	38
contig_331	ATGNNNNNGCT	a	0	0	4	2	3
contig_331	CCWGG	m	1	0	4.428571428571429	14	46
contig_332	GATC	a	1	0	4.416666666666667	36	60
contig_332	GATATC	a	1	0	6	1	2
contig_332	ATGNNNNNGCT	a	0	0	4.5	2	7
contig_332	CCWGG	m	1	0	4.2894736842105265	38	84
contig_333	GATC	a	1	0	4.435897435897436	39	54
contig_333	ATGNNNNNGCT	a	0	0	5	2	2
contig_333	CCWGG	m	1	0	4.5625	32	54
contig_334	GATC	a	1	0	4.545454545454546	44	62
contig_334	ATGNNNNNGCT	a	0	0	3.8	5	6
contig_334	CCWGG	m	1	0	4.222222222222222	54	106
contig_335	GATC	a	1	0	4.533333333333333	15	86
contig_335	CCWGG	m	1	0	4.666666666666667	3	14
contig_336	GATC	a	1	0	4.690476190476191	84	102
contig_336	ATGNNNNNGCT	a	0	0	6	2	2
contig_336	CCWGG	m	1	0	4.809523809523809	63	82
contig_337	GATC	a	1	0	4.666666666666667	18	26
contig_337	CCWGG	m	1	0	4.4	20	34
contig_338	GATC	a	1	0	3.4285714285714284	7	18
contig_339	GATC	a	1	0	4.573033707865169	89	110
contig_339	GATATC	a	1	0	4.333333333333333	15	20
contig_339	ANGTATAC	a	6	0	3.6666666666666665	3	4
contig_339	ATGNNNNNGCT	a	0	0	4.9523809523809526	21	25
contig_339	CCWGG	m	1	0	3.896551724137931	29	40
contig_34	GATC	a	1	0	32.667582417582416	364	364
contig_34	GATATC	a	1	0	35.0625	16	16
contig_34	ATGNNNNNGCT	a	0	0	30.210526315789473	19	19
contig_34	CCWGG	m	1	0	30.808695652173913	115	116
contig_340	GATC	a	1	0	4.161290322580645	31	40
contig_340	CCWGG	m	1	0	4.678571428571429	28	42
contig_341	GATC	a	1	0	3.973684210526316	38	46
contig_341	ATGNNNNNGCT	a	0	0.08333333333333333	5	2	2
contig_341	CCWGG	m	1	0	4.333333333333333	12	26
contig_342	GATC	a	1	0	3	2	22
contig_342	CCWGG	m	1	0	4	1	4
contig_343	GATC	a	1	0	3.5714285714285716	7	28
contig_343	CCWGG	m	1	0	3	3	10
contig_344	GATC	a	1	0	3.5	4	8
contig_344	CCWGG	m	1	0	3.5	2	4
contig_347	GATC	a	1	0	42.214285714285715	266	266
contig_347	GATATC	a	1	0	41.88709677419355	62	62
contig_347	ANGTATAC	a	6	0	46.166666666666664	6	6
contig_347	ATGNNNNNGCT	a	0	0	41.05714285714286	35	35
contig_347	CCWGG	m	1	0	38.5546875	128	128
contig_348	GATC	a	1	0	6.333333333333333	6	8
contig_349	GATC	a	1	0	7.125	8	8
contig_349	ATGNNNNNGCT	a	0	0	7	4	4
contig_349	CCWGG	m	1	0	7.6	5	6
contig_35	GATC	a	1	0	4.722222222222222	18	36
contig_35	CCWGG	m	1	0	5	2	4
contig_350	GATC	a	1	0.3333333333333333	4	2	4
contig_350	GATATC	a	1	0	4	1	2
contig_350	CCWGG	m	1	0	7.666666666666667	3	6
contig_351	CCWGG	m	1	0	3	1	10
contig_352	GATC	a	1	0	19.5	10	10
contig_352	ATGNNNNNGCT	a	0	0.05555555555555555	18	1	1
contig_352	CCWGG	m	1	0	23	2	2
contig_353	GATC	a	1	0	4.568627450980392	51	80
contig_353	GATATC	a	1	0	4.714285714285714	7	8
contig_353	ATGNNNNNGCT	a	0	0	4.625	16	19
contig_353	CCWGG	m	1	0	4.083333333333333	12	14
contig_354	GATC	a	1	0	3.5	2	6
contig_354	GATATC	a	1	0	5	1	2
contig_354	CCWGG	m	1	0	3.5	2	2
contig_355	GATC	a	1	0.2	4.333333333333333	3	12
contig_355	ATGNNNNNGCT	a	0	0	3	1	5
contig_355	CCWGG	m	1	0	4	2	2
contig_356	GATC	a	1	0	4.5	6	22
contig_356	GATATC	a	1	0	5.666666666666667	3	6
contig_356	ATGNNNNNGCT	a	0	0	3	1	1
contig_356	CCWGG	m	1	0	4.333333333333333	6	14
contig_357	GATC	a	1	0	3.9	10	20
contig_357	GATATC	a	1	0	5	1	2
contig_357	CCWGG	m	1	0	3.5714285714285716	7	18
contig_358	GATC	a	1	0.3333333333333333	3	2	6
contig_359	GATC	a	1	0	4.806451612903226	31	44
contig_359	GATATC	a	1	0	4.333333333333333	3	6
contig_359	ANGTATAC	a	6	0	4	1	1
contig_359	ATGNNNNNGCT	a	0	0	5	2	4
contig_359	CCWGG	m	1	0	4.888888888888889	9	12
contig_36	GATC	a	1	0	4	13	16
contig_36	GATATC	a	1	0	3.75	4	4
contig_36	ATGNNNNNGCT	a	0	0	3	1	1
contig_36	CCWGG	m	1	0	3.2	5	8
contig_360	GATC	a	1	0	3	1	4
contig_361	GATC	a	1	0	18.840848806366047	377	378
contig_361	GATATC	a	1	0	17.666666666666668	18	18
contig_361	ANGTATAC	a	6	0	17.4	5	5
contig_361	ATGNNNNNGCT	a	0	0	19.423076923076923	26	26
contig_361	CCWGG	m	1	0	18.050632911392405	79	80
contig_362	GATC	a	1	0	4.1875	16	26
contig_362	ATGNNNNNGCT	a	0	0	3	1	1
contig_362	CCWGG	m	1	0	4.375	8	12
contig_364	GATC	a	1	0	3.7777777777777777	18	18
contig_364	CCWGG	m	1	0	3.869565217391304	23	24
contig_365	GATC	a	1	0	3	5	24
contig_365	CCWGG	m	1	0	3.6666666666666665	3	8
contig_366	GATC	a	1	0	13.23076923076923	26	26
contig_366	GATATC	a	1	0.029411764705882353	14.5	4	4
contig_366	ATGNNNNNGCT	a	0	0	10	3	3
contig_366	CCWGG	m	1	0	12.636363636363637	22	22
contig_367	GATC	a	1	0	4.325	40	66
contig_367	GATATC	a	1	0	4.75	4	4
contig_367	ANGTATAC	a	6	0	3	1	2
contig_367	ATGNNNNNGCT	a	0	0	4.333333333333333	6	10
contig_367	CCWGG	m	1	0	4	8	12
contig_368	GATC	a	1	0	3	6	12
contig_368	GATATC	a	1	0	3.5	2	2
contig_368	ATGNNNNNGCT	a	0	0	3.5	2	2
contig_368	CCWGG	m	1	0	4	3	6
contig_369	GATC	a	1	0	14.368421052631579	38	46
contig_369	ATGNNNNNGCT	a	0	0.09090909090909091	11	1	2
contig_369	CCWGG	m	1	0	14.095238095238095	21	26
contig_37	GATC	a	1	0	3.25	4	10
contig_37	ATGNNNNNGCT	a	0	0	3	2	2
contig_37	CCWGG	m	1	0	3	1	2
contig_370	GATC	a	1	0	4.25	44	48
contig_370	ATGNNNNNGCT	a	0	0	4	1	1
contig_370	CCWGG	m	1	0	3.9705882352941178	34	44
contig_371	GATC	a	1	0	3.411764705882353	17	32
contig_371	GATATC	a	1	0	4	1	2
contig_371	CCWGG	m	1	0	3.5	2	6
contig_372	GATC	a	1	0	3	1	6
contig_372	GATATC	a	1	0	3.3333333333333335	3	6
contig_373	GATC	a	1	0	4.5	8	18
contig_373	CCWGG	m	1	0	4.666666666666667	3	8
contig_374	GATC	a	1	0	3.3333333333333335	9	34
contig_374	CCWGG	m	1	0	3.8	5	14
contig_375	GATC	a	1	0	4.377777777777778	45	68
contig_375	GATATC	a	1	0	5.25	4	8
contig_375	ATGNNNNNGCT	a	0	0	3.8333333333333335	6	6
contig_375	CCWGG	m	1	0	5	6	14
contig_376	GATC	a	1	0	4	49	64
contig_376	GATATC	a	1	0	4	1	2
contig_376	ATGNNNNNGCT	a	0	0	4.5	2	2
contig_376	CCWGG	m	1	0	3.8095238095238093	21	40
contig_377	GATC	a	1	0	4.909090909090909	11	34
contig_377	CCWGG	m	1	0	4.5	12	38
contig_378	GATC	a	1	0	3.9	10	18
contig_378	ATGNNNNNGCT	a	0	0.3333333333333333	3	1	1
contig_378	CCWGG	m	1	0	4.4	20	48
contig_379	GATC	a	1	0.6666666666666666	31.88888888888889	9	42
contig_379	ATGNNNNNGCT	a	0	0.008771929824561403	30	2	6
contig_379	CCWGG	m	1	0.6666666666666666	3	3	24
contig_38	GATC	a	1	0.5384615384615384	13.941176470588236	17	24
contig_38	GATATC	a	1	0.6820175438596491	15.5	2	2
contig_38	ANGTATAC	a	6	0	5	1	1
contig_38	ATGNNNNNGCT	a	0	0	7	1	1
contig_38	CCWGG	m	1	0.25	3.75	4	6
contig_380	GATC	a	1	0	3.5	4	26
contig_380	GATATC	a	1	0	3.25	4	8
contig_380	ATGNNNNNGCT	a	0	0	3	1	4
contig_380	CCWGG	m	1	0	3	1	6
contig_381	GATC	a	1	0	5	31	46
contig_381	GATATC	a	1	0	4.25	4	6
contig_381	ATGNNNNNGCT	a	0	0	7	2	2
contig_381	CCWGG	m	1	0	5.333333333333333	6	8
contig_382	GATC	a	1	0	4.333333333333333	3	28
contig_383	GATC	a	1	0	3.5	4	12
contig_383	GATATC	a	1	0	3	1	10
contig_383	ATGNNNNNGCT	a	0	0	4	1	2
contig_383	CCWGG	m	1	0	3	1	2
contig_384	GATC	a	1	0	3.611111111111111	18	38
contig_384	ATGNNNNNGCT	a	0	0	3	2	2
contig_384	CCWGG	m	1	0	3.6	10	30
contig_385	GATC	a	1	0	4.615384615384615	13	28
contig_385	ATGNNNNNGCT	a	0	0	5	1	2
contig_385	CCWGG	m	1	0	4.074074074074074	27	64
contig_386	GATC	a	1	0	5.25	8	20
contig_386	GATATC	a	1	0	3	1	2
contig_386	ATGNNNNNGCT	a	0	0.16666666666666666	6.5	2	2
contig_386	CCWGG	m	1	0	5.666666666666667	3	6
contig_387	GATC	a	1	0	4.105263157894737	19	34
contig_387	ATGNNNNNGCT	a	0	0	4	3	7
contig_387	CCWGG	m	1	0	3.9285714285714284	14	46
contig_388	GATC	a	1	0	4.833333333333333	24	42
contig_388	GATATC	a	1	0.08333333333333333	5.5	2	2
contig_388	ANGTATAC	a	6	0	6	2	2
contig_388	ATGNNNNNGCT	a	0	0	3.8	5	7
contig_388	CCWGG	m	1	0	3.5	4	10
contig_389	GATC	a	1	0	4.260869565217392	23	36
contig_389	GATATC	a	1	0	4.666666666666667	3	4
contig_389	ATGNNNNNGCT	a	0	0	4.5	2	2
contig_389	CCWGG	m	1	0	3.4	5	10
contig_39	GATC	a	1	0	3.5217391304347827	23	58
contig_39	ATGNNNNNGCT	a	0	0	3.3333333333333335	3	9
contig_39	CCWGG	m	1	0	4	4	8
contig_390	GATC	a	1	0	3	1	6
contig_390	CCWGG	m	1	0	3.75	4	10
contig_391	GATC	a	1	0	3.6923076923076925	13	38
contig_391	GATATC	a	1	0	3.5	2	4
contig_391	ANGTATAC	a	6	0	3	1	2
contig_391	ATGNNNNNGCT	a	0	0	4	1	2
contig_391	CCWGG	m	1	0	3.6666666666666665	3	8
contig_392	GATC	a	1	0	4.115384615384615	26	32
contig_392	GATATC	a	1	0.1	4	2	2
contig_392	ATGNNNNNGCT	a	0	0	3	2	2
contig_392	CCWGG	m	1	0	5	5	8
contig_393	GATC	a	1	0	4.769230769230769	13	30
contig_393	ATGNNNNNGCT	a	0	0.08333333333333333	4.25	4	4
contig_393	CCWGG	m	1	0	4.4	5	12
contig_394	GATC	a	1	0.041666666666666664	9.25	4	4
contig_394	CCWGG	m	1	0.08333333333333333	5.25	4	4
contig_395	GATC	a	1	0	4.75	4	6
contig_395	CCWGG	m	1	0	4.25	4	6
contig_396	GATC	a	1	0	12.297872340425531	94	94
contig_396	GATATC	a	1	0	12.1	10	10
contig_396	ATGNNNNNGCT	a	0	0.07142857142857142	11.6	5	5
contig_396	CCWGG	m	1	0	11.777777777777779	18	18
contig_397	GATC	a	1	0	5	2	2
contig_397	CCWGG	m	1	0.1	5	2	2
contig_398	GATC	a	1	0	4.938461538461539	65	80
contig_398	GATATC	a	1	0	4.444444444444445	9	12
contig_398	ANGTATAC	a	6	0	6.25	4	5
contig_398	ATGNNNNNGCT	a	0	0	5	7	8
contig_398	CCWGG	m	1	0	5.206896551724138	29	36
contig_399	GATC	a	1	0	4.48	25	28
contig_399	CCWGG	m	1	0	4.588235294117647	17	20
contig_4	GATC	a	1	0.904862579281184	459.19652662917633	30230	30230
contig_4	GGNNNGGCGCTGG	m	9	0.719375	97.7375	80	80
contig_4	GATATC	a	1	0.8441578005837491	405.85087719298247	3192	3192
contig_4	ANGTATAC	a	6	0.008714596949891068	434.8181818181818	143	143
contig_4	ATGNNNNNGCT	a	0	0.018789144050104383	414.1607629427793	2202	2202
contig_4	CCWGG	m	1	0.9302325581395349	464.12272963155164	19270	19270
contig_40	GATC	a	1	0	3.764705882352941	17	28
contig_40	CCWGG	m	1	0	3	2	10
contig_400	GATC	a	1	0	6	50	54
contig_400	ATGNNNNNGCT	a	0	0	6.666666666666667	3	3
contig_400	CCWGG	m	1	0	5.536585365853658	41	48
contig_401	GATC	a	1	0	5.456521739130435	46	76
contig_401	ATGNNNNNGCT	a	0	0	5	2	3
contig_401	CCWGG	m	1	0	5.685185185185185	54	106
contig_402	GATC	a	1	0	4.142857142857143	14	18
contig_402	GATATC	a	1	0	5	2	2
contig_402	ATGNNNNNGCT	a	0	0	3.5	2	2
contig_402	CCWGG	m	1	0	4.666666666666667	3	8
contig_403	GATATC	a	1	0	4	1	2
contig_403	CCWGG	m	1	0.9161764705882353	12.5	4	6
contig_404	GATC	a	1	0.9014393772615596	1284	26	26
contig_404	GATATC	a	1	0.7771259907669135	1087.875	8	8
contig_404	ATGNNNNNGCT	a	0	0.03225806451612903	1041	3	3
contig_404	CCWGG	m	1	0.9429187876754603	1252.4583333333333	24	24
contig_405	GATC	a	1	0.9065853658536585	500.4222222222222	90	90
contig_405	GATATC	a	1	0.8519883217557636	253.5	4	4
contig_405	ANGTATAC	a	6	0.0006211180124223603	654	2	2
contig_405	ATGNNNNNGCT	a	0	0.016540898857666974	361.7	10	10
contig_405	CCWGG	m	1	0.9172945391379872	460.38235294117646	68	68
contig_406	GATC	a	1	0.7857142857142857	10.25	4	4
contig_407	GATC	a	1	0.625	10	3	4
contig_407	GATATC	a	1	0.369047619047619	6.5	2	2
contig_41	GATC	a	1	0	4	8	16
contig_41	GATATC	a	1	0	3	1	2
contig_41	ANGTATAC	a	6	0	3	1	1
contig_41	ATGNNNNNGCT	a	0	0	4	1	2
contig_41	CCWGG	m	1	0	3	1	4
contig_410	GATC	a	1	0.8775489804078369	369.14935064935065	154	154
contig_410	GATATC	a	1	0.8318704222871318	306.64285714285717	14	14
contig_410	ANGTATAC	a	6	0.00966741300494449	396.6666666666667	6	6
contig_410	ATGNNNNNGCT	a	0	0.027093596059113302	327	11	11
contig_410	CCWGG	m	1	0.9247715213225036	365.30392156862746	102	102
contig_411	GATC	a	1	0.8962962962962963	363.24714937286205	3508	3508
contig_411	GGNNNGGCGCTGG	m	9	0.5333333333333333	92.4	5	5
contig_411	GATATC	a	1	0.8402777777777778	316.26060606060605	330	330
contig_411	ANGTATAC	a	6	0.012084592145015106	332.6842105263158	19	19
contig_411	ATGNNNNNGCT	a	0	0.018292682926829267	333.2027027027027	296	296
contig_411	CCWGG	m	1	0.9266503667481663	365.76152482269504	2256	2256
contig_412	GATC	a	1	0.9156184814351273	388.9166666666667	36	36
contig_412	GATATC	a	1	0.7915372024635188	233.25	4	4
contig_412	ATGNNNNNGCT	a	0	0.03620150002952814	350	2	2
contig_412	CCWGG	m	1	0.9259891298748133	383	22	22
contig_413	GATC	a	1	0.8782716049382716	55.06666666666667	30	30
contig_413	GATATC	a	1	0.8274475524475524	76.5	2	2
contig_413	ATGNNNNNGCT	a	0	0	44.4	5	5
contig_413	CCWGG	m	1	0.9000554861978083	77.81818181818181	22	22
contig_414	GATC	a	1	0	5.375	16	18
contig_414	ATGNNNNNGCT	a	0	0	3	1	1
contig_414	CCWGG	m	1	0	5.125	8	8
contig_415	GATC	a	1	0	5.024390243902439	82	90
contig_415	GATATC	a	1	0	4.615384615384615	13	16
contig_415	ANGTATAC	a	6	0	5	2	2
contig_415	ATGNNNNNGCT	a	0	0	5.066666666666666	15	16
contig_415	CCWGG	m	1	0	5	20	24
contig_416	GATC	a	1	0	3.5	2	4
contig_417	GATC	a	1	0	5.142857142857143	7	10
contig_417	ATGNNNNNGCT	a	0	0	3	1	1
contig_418	GATC	a	1	0	4.677966101694915	59	82
contig_418	GATATC	a	1	0	4	1	2
contig_418	ATGNNNNNGCT	a	0	0	5.333333333333333	3	5
contig_418	CCWGG	m	1	0	4.744186046511628	43	76
contig_419	GATC	a	1	0	4.428571428571429	14	22
contig_419	GATATC	a	1	0	4.5	2	2
contig_419	ATGNNNNNGCT	a	0	0	4.666666666666667	6	7
contig_419	CCWGG	m	1	0	5	5	6
contig_42	GATC	a	1	0	3	3	14
contig_42	GATATC	a	1	0	4	1	4
contig_420	GATC	a	1	0	3.88	50	82
contig_420	CCWGG	m	1	0	3.9285714285714284	28	54
contig_421	GATC	a	1	0	4.733333333333333	15	22
contig_421	GATATC	a	1	0.0625	6.5	2	2
contig_421	ATGNNNNNGCT	a	0	0	4	1	1
contig_422	GATC	a	1	0	4.5	16	28
contig_422	GATATC	a	1	0	7	1	2
contig_422	ATGNNNNNGCT	a	0	0.16666666666666666	4.666666666666667	3	3
contig_422	CCWGG	m	1	0	4.6	10	32
contig_423	GATC	a	1	0	3.8	15	24
contig_423	ATGNNNNNGCT	a	0	0	3.75	4	4
contig_423	CCWGG	m	1	0	3.7666666666666666	30	52
contig_424	GATC	a	1	0	3.375	8	18
contig_424	CCWGG	m	1	0	3.5	2	6
contig_425	GATC	a	1	0	5.972222222222222	72	86
contig_425	GATATC	a	1	0	6.545454545454546	11	12
contig_425	ANGTATAC	a	6	0	12	1	3
contig_425	ATGNNNNNGCT	a	0	0	6.8125	16	16
contig_425	CCWGG	m	1	0	6	21	26
contig_426	GATC	a	1	0	3.5	16	32
contig_426	GATATC	a	1	0	3	2	2
contig_426	CCWGG	m	1	0	3.5	2	4
contig_427	GATC	a	1	0	5.578947368421052	38	56
contig_427	GATATC	a	1	0	6	6	8
contig_427	ANGTATAC	a	6	0	4	1	1
contig_427	ATGNNNNNGCT	a	0	0	4.714285714285714	7	11
contig_427	CCWGG	m	1	0	5.454545454545454	11	18
contig_428	GATC	a	1	0	4.690140845070423	71	82
contig_428	GATATC	a	1	0	5.5	2	2
contig_428	ATGNNNNNGCT	a	0	0	4.25	4	5
contig_428	CCWGG	m	1	0	4.235294117647059	85	118
contig_429	GATC	a	1	0	4.114285714285714	35	64
contig_429	GATATC	a	1	0	3.5	2	4
contig_429	ATGNNNNNGCT	a	0	0	4.75	4	4
contig_429	CCWGG	m	1	0	3.6666666666666665	9	22
contig_43	GATC	a	1	0	3.6666666666666665	21	44
contig_43	ATGNNNNNGCT	a	0	0	4	1	3
contig_43	CCWGG	m	1	0	4.161290322580645	31	72
contig_430	GATC	a	1	0	110.5379746835443	158	158
contig_430	GATATC	a	1	0.00390625	107.42857142857143	14	14
contig_430	ANGTATAC	a	6	0.47560975609756095	82	1	1
contig_430	ATGNNNNNGCT	a	0	0.8315789473684211	99.4	25	25
contig_430	CCWGG	m	1	0.00423728813559322	107.65517241379311	58	58
contig_431	GATC	a	1	0	3.1	10	52
contig_431	CCWGG	m	1	0	3	1	6
contig_432	GATC	a	1	0	3.8333333333333335	30	44
contig_432	GATATC	a	1	0	4.5	2	4
contig_432	ATGNNNNNGCT	a	0	0	3.6666666666666665	3	9
contig_432	CCWGG	m	1	0	4	21	34
contig_433	GATC	a	1	0	5.45	20	22
contig_433	GATATC	a	1	0	6.25	8	10
contig_433	ANGTATAC	a	6	0	4	2	2
contig_433	ATGNNNNNGCT	a	0	0.08333333333333333	5.75	4	4
contig_433	CCWGG	m	1	0	5.538461538461538	13	14
contig_434	GATC	a	1	0	4.107142857142857	28	42
contig_434	GATATC	a	1	0	4.666666666666667	3	4
contig_434	ATGNNNNNGCT	a	0	0	6	2	6
contig_434	CCWGG	m	1	0	4.333333333333333	6	8
contig_435	GATC	a	1	0	3	1	2
contig_435	CCWGG	m	1	0	3	2	6
contig_436	GATC	a	1	0	3	1	18
contig_436	ATGNNNNNGCT	a	0	0	3	1	2
contig_438	GATC	a	1	0	3	4	14
contig_438	CCWGG	m	1	0	3	2	12
contig_439	GATC	a	1	0	4.173913043478261	23	24
contig_439	CCWGG	m	1	0	3.9545454545454546	22	42
contig_44	GATC	a	1	0	5.076923076923077	13	16
contig_44	ATGNNNNNGCT	a	0	0	3	1	1
contig_44	CCWGG	m	1	0	8.666666666666666	6	6
contig_440	GATC	a	1	0	5.4	5	10
contig_440	GATATC	a	1	0	4.5	2	2
contig_440	ANGTATAC	a	6	0	4	2	2
contig_440	ATGNNNNNGCT	a	0	0	3	1	2
contig_440	CCWGG	m	1	0	4.75	4	6
contig_441	GATC	a	1	0	4.407407407407407	27	34
contig_441	GATATC	a	1	0	3	1	2
contig_441	ATGNNNNNGCT	a	0	0	3	2	3
contig_441	CCWGG	m	1	0	3.8125	16	24
contig_442	GATC	a	1	0	5.2105263157894735	19	24
contig_442	GATATC	a	1	0	4.5	4	4
contig_442	ANGTATAC	a	6	0	8	1	1
contig_442	ATGNNNNNGCT	a	0	0	4	4	4
contig_442	CCWGG	m	1	0	5.714285714285714	7	8
contig_443	GATC	a	1	0	5.25	40	46
contig_443	GATATC	a	1	0	5.5	2	2
contig_443	ATGNNNNNGCT	a	0	0	3.6666666666666665	3	4
contig_443	CCWGG	m	1	0	5.32258064516129	31	42
contig_445	GATC	a	1	0	3.5	6	14
contig_445	GATATC	a	1	0	3	1	2
contig_445	CCWGG	m	1	0	3	1	6
contig_446	GATC	a	1	0	60.75	4	4
contig_447	GATC	a	1	0	4.447761194029851	67	78
contig_447	GATATC	a	1	0	4	2	2
contig_447	CCWGG	m	1	0	3.888888888888889	36	52
contig_448	GATC	a	1	0	4.4375	16	26
contig_448	GATATC	a	1	0.2	5	1	2
contig_448	CCWGG	m	1	0	4.3	10	16
contig_45	GATC	a	1	0	4.015151515151516	66	104
contig_45	GATATC	a	1	0	5.25	4	4
contig_45	ATGNNNNNGCT	a	0	0	4.5	2	3
contig_45	CCWGG	m	1	0	4.020833333333333	48	104
contig_450	GATC	a	1	0	5.733333333333333	15	16
contig_450	ATGNNNNNGCT	a	0	0	4	1	1
contig_450	CCWGG	m	1	0	6	8	10
contig_451	GATC	a	1	0.2	3.75	8	18
contig_451	GATATC	a	1	0	4	1	2
contig_451	CCWGG	m	1	0	3.75	4	10
contig_452	GATC	a	1	0	4.295454545454546	44	70
contig_452	ATGNNNNNGCT	a	0	0	3	1	1
contig_452	CCWGG	m	1	0	4.1	40	66
contig_453	GATC	a	1	0	4.2	30	62
contig_453	GATATC	a	1	0	4	1	4
contig_453	ANGTATAC	a	6	0	4	1	3
contig_453	ATGNNNNNGCT	a	0	0	3	4	6
contig_453	CCWGG	m	1	0	4.333333333333333	6	14
contig_454	GATC	a	1	0	3.4782608695652173	23	40
contig_454	CCWGG	m	1	0	3.8275862068965516	29	58
contig_455	GATC	a	1	0	6.333333333333333	12	36
contig_455	GATATC	a	1	0	5.444444444444445	9	10
contig_455	CCWGG	m	1	0	9.333333333333334	3	6
contig_456	GATC	a	1	0	4.4	15	22
contig_456	GATATC	a	1	0	3.3333333333333335	3	4
contig_456	CCWGG	m	1	0	4.4	5	6
contig_457	GATC	a	1	0	3.8823529411764706	17	24
contig_457	ATGNNNNNGCT	a	0	0	3.5	2	2
contig_457	CCWGG	m	1	0	3.6666666666666665	3	4
contig_458	GATC	a	1	0	4	2	2
contig_459	GATC	a	1	0	6.375	8	8
contig_459	ATGNNNNNGCT	a	0	0	4	1	1
contig_459	CCWGG	m	1	0	4	1	2
contig_46	GATC	a	1	0	3.875	8	24
contig_46	GATATC	a	1	0	4	2	2
contig_46	ANGTATAC	a	6	0	5	2	2
contig_46	ATGNNNNNGCT	a	0	0.125	4.5	2	5
contig_46	CCWGG	m	1	0	4.125	8	14
contig_460	GATC	a	1	0	8.25	4	4
contig_460	GATATC	a	1	0	7	1	2
contig_461	GATC	a	1	0	3.5	2	4
contig_461	CCWGG	m	1	0	4	1	6
contig_462	GATC	a	1	0	6.555555555555555	9	10
contig_462	GATATC	a	1	0	5	2	2
contig_462	ATGNNNNNGCT	a	0	0	4.666666666666667	3	3
contig_462	CCWGG	m	1	0	5	2	2
contig_463	GATC	a	1	0	9	20	22
contig_463	GATATC	a	1	0	8	2	2
contig_463	ANGTATAC	a	6	0	10	1	1
contig_463	ATGNNNNNGCT	a	0	0	7.5	4	4
contig_463	CCWGG	m	1	0	9	6	6
contig_464	GATC	a	1	0	4	5	8
contig_465	GATC	a	1	0	20.056818181818183	88	90
contig_465	GATATC	a	1	0	21.75	16	16
contig_465	ANGTATAC	a	6	0	26	1	1
contig_465	ATGNNNNNGCT	a	0	0	22.77777777777778	9	9
contig_465	CCWGG	m	1	0	20.41176470588235	17	18
contig_466	GATC	a	1	0	6.277777777777778	18	18
contig_466	GATATC	a	1	0	5.5	2	2
contig_466	ATGNNNNNGCT	a	0	0	10	1	1
contig_467	GATC	a	1	0	3.3333333333333335	3	6
contig_468	ATGNNNNNGCT	a	0	0	3	1	2
contig_469	GATC	a	1	0	3.5	18	28
contig_469	GATATC	a	1	0	4.333333333333333	3	6
contig_469	ATGNNNNNGCT	a	0	0	3.3333333333333335	3	4
contig_469	CCWGG	m	1	0	3.25	4	8
contig_47	GATC	a	1	0	3.8823529411764706	17	26
contig_47	ATGNNNNNGCT	a	0	0	3	4	4
contig_47	CCWGG	m	1	0	3.75	8	10
contig_470	GATC	a	1	0	4.2105263157894735	19	20
contig_470	GATATC	a	1	0	3.75	4	4
contig_470	ATGNNNNNGCT	a	0	0	6	2	3
contig_470	CCWGG	m	1	0	3.9130434782608696	23	28
contig_471	GATC	a	1	0	4	33	50
contig_471	GATATC	a	1	0	4	9	16
contig_471	ANGTATAC	a	6	0	4	1	1
contig_471	ATGNNNNNGCT	a	0	0	3.3333333333333335	3	9
contig_471	CCWGG	m	1	0	4	14	26
contig_472	GATC	a	1	0	4.1	30	50
contig_472	GATATC	a	1	0	5.666666666666667	3	4
contig_472	ATGNNNNNGCT	a	0	0	5.5	2	2
contig_472	CCWGG	m	1	0	4.454545454545454	55	98
contig_473	GATC	a	1	0	5.230769230769231	13	14
contig_473	ATGNNNNNGCT	a	0	0	4.333333333333333	6	7
contig_473	CCWGG	m	1	0	4.5	2	2
contig_474	GATC	a	1	0	3.625	8	20
contig_474	GATATC	a	1	0	3	1	2
contig_474	CCWGG	m	1	0	3	1	2
contig_475	GATC	a	1	0	3.142857142857143	7	14
contig_475	GATATC	a	1	0	3.6666666666666665	3	6
contig_475	ATGNNNNNGCT	a	0	0	3	1	3
contig_475	CCWGG	m	1	0	3.3333333333333335	6	14
contig_476	GATC	a	1	0	3.5652173913043477	23	34
contig_476	ATGNNNNNGCT	a	0	0	3.5	2	2
contig_476	CCWGG	m	1	0	3.5	18	34
contig_477	GATC	a	1	0	5.3896103896103895	77	116
contig_477	GATATC	a	1	0	6.166666666666667	6	8
contig_477	ANGTATAC	a	6	0	6.5	6	6
contig_477	ATGNNNNNGCT	a	0	0	5.333333333333333	12	14
contig_477	CCWGG	m	1	0	5.242424242424242	33	68
contig_478	GATC	a	1	0	4.2	5	14
contig_478	ANGTATAC	a	6	0	4	1	2
contig_478	CCWGG	m	1	0	4.428571428571429	7	24
contig_479	GATC	a	1	0	3.736842105263158	19	44
contig_479	ATGNNNNNGCT	a	0	0	3	1	2
contig_479	CCWGG	m	1	0	3.5	2	6
contig_48	GATC	a	1	0	3.9310344827586206	29	34
contig_48	GATATC	a	1	0	5.5	2	2
contig_48	ATGNNNNNGCT	a	0	0	5	1	1
contig_48	CCWGG	m	1	0	3.5	6	12
contig_480	GATC	a	1	0	5.5	2	2
contig_480	ATGNNNNNGCT	a	0	0	3	1	1
contig_480	CCWGG	m	1	0	3.6666666666666665	3	4
contig_481	GATC	a	1	0	4.1	30	56
contig_481	GATATC	a	1	0	4.75	4	4
contig_481	ATGNNNNNGCT	a	0	0.3333333333333333	3	1	2
contig_481	CCWGG	m	1	0	4.1	10	14
contig_482	GATC	a	1	0	4.2	30	60
contig_482	GATATC	a	1	0	12	1	2
contig_482	CCWGG	m	1	0	3.4285714285714284	14	64
contig_483	GATC	a	1	0	3.8823529411764706	17	60
contig_483	ANGTATAC	a	6	0	3.5	2	3
contig_483	ATGNNNNNGCT	a	0	0.16666666666666666	3	2	6
contig_483	CCWGG	m	1	0	3	2	8
contig_484	GATC	a	1	0	4.2727272727272725	22	28
contig_484	GATATC	a	1	0	4.5	2	4
contig_484	ANGTATAC	a	6	0	5	1	1
contig_484	ATGNNNNNGCT	a	0	0	4	5	5
contig_484	CCWGG	m	1	0	3.5	2	2
contig_485	CCWGG	m	1	0	3	2	8
contig_486	GATC	a	1	0	4.777777777777778	9	12
contig_486	CCWGG	m	1	0	4.166666666666667	6	8
contig_487	GATC	a	1	0	5.089743589743589	78	82
contig_487	GATATC	a	1	0	6.090909090909091	11	12
contig_487	ATGNNNNNGCT	a	0	0	3.25	4	4
contig_487	CCWGG	m	1	0	4.4	30	34
contig_488	GATC	a	1	0	4.2727272727272725	22	72
contig_488	GATATC	a	1	0	5.666666666666667	3	10
contig_488	ATGNNNNNGCT	a	0	0	3.5	2	10
contig_488	CCWGG	m	1	0	4	12	28
contig_489	GATC	a	1	0	4.555555555555555	9	12
contig_489	ATGNNNNNGCT	a	0	0	3.25	4	4
contig_489	CCWGG	m	1	0	4.3	10	10
contig_49	GATC	a	1	0	4.409090909090909	66	92
contig_49	GATATC	a	1	0	4	1	2
contig_49	ANGTATAC	a	6	0	7	1	1
contig_49	ATGNNNNNGCT	a	0	0	3	3	3
contig_49	CCWGG	m	1	0	4.553191489361702	47	74
contig_490	GATC	a	1	0.1	6.55	20	30
contig_490	CCWGG	m	1	0.6666666666666666	7.7272727272727275	11	16
contig_491	GATC	a	1	0	4.875	32	50
contig_491	GATATC	a	1	0	6	6	6
contig_491	ATGNNNNNGCT	a	0	0	4.666666666666667	3	4
contig_491	CCWGG	m	1	0	4.130434782608695	23	50
contig_492	GATC	a	1	0	3.619047619047619	21	44
contig_492	ATGNNNNNGCT	a	0	0	3	1	1
contig_492	CCWGG	m	1	0	3	2	4
contig_493	GATC	a	1	0	3	5	24
contig_493	GATATC	a	1	0	3	1	4
contig_493	ATGNNNNNGCT	a	0	0	3	1	4
contig_493	CCWGG	m	1	0	3	2	6
contig_494	GATC	a	1	0	3.6470588235294117	17	56
contig_494	GATATC	a	1	0	4.5	2	4
contig_494	ATGNNNNNGCT	a	0	0	5	2	2
contig_494	CCWGG	m	1	0	4	2	6
contig_495	GATC	a	1	0	4.2	25	42
contig_495	GATATC	a	1	0	4.5	2	6
contig_495	ATGNNNNNGCT	a	0	0	3.8	5	7
contig_495	CCWGG	m	1	0	5.4	5	6
contig_496	GATC	a	1	0	3	8	68
contig_496	GATATC	a	1	0	3	1	6
contig_497	GATC	a	1	0	4.666666666666667	3	6
contig_497	CCWGG	m	1	0.16666666666666666	4	2	4
contig_498	GATC	a	1	0	5.571428571428571	7	12
contig_498	ATGNNNNNGCT	a	0	0	5	2	3
contig_499	GATC	a	1	0	3.1538461538461537	26	58
contig_499	ANGTATAC	a	6	0	3	1	2
contig_499	ATGNNNNNGCT	a	0	0	3	1	3
contig_499	CCWGG	m	1	0	3	2	4
contig_5	GATATC	a	1	0.6690921690921692	38	2	2
contig_5	CCWGG	m	1	0.8380681818181819	25.3	10	10
contig_50	GATC	a	1	0	3	3	14
contig_50	CCWGG	m	1	0	3	1	2
contig_500	GATC	a	1	0	3.9833333333333334	60	86
contig_500	GATATC	a	1	0	4.333333333333333	3	4
contig_500	ANGTATAC	a	6	0	3	1	1
contig_500	CCWGG	m	1	0	3.91044776119403	67	110
contig_501	GATC	a	1	0	4.083333333333333	12	32
contig_501	ATGNNNNNGCT	a	0	0	3	1	2
contig_501	CCWGG	m	1	0	3.7857142857142856	14	48
contig_502	GATC	a	1	0	3.2142857142857144	14	26
contig_502	GATATC	a	1	0	3	1	4
contig_502	ATGNNNNNGCT	a	0	0	3	2	3
contig_502	CCWGG	m	1	0	3.5	2	4
contig_503	GATC	a	1	0	5.290322580645161	31	56
contig_503	GATATC	a	1	0	6.5	2	4
contig_503	ATGNNNNNGCT	a	0	0	4.666666666666667	3	6
contig_503	CCWGG	m	1	0	4.122448979591836	49	88
contig_504	GATC	a	1	0	5.838709677419355	31	34
contig_504	GATATC	a	1	0	5.5	2	2
contig_504	ANGTATAC	a	6	0	4	1	1
contig_504	ATGNNNNNGCT	a	0	0	4.8	5	5
contig_504	CCWGG	m	1	0	5.4	5	6
contig_505	GATC	a	1	0	4.375	16	18
contig_505	ANGTATAC	a	6	0	5	2	2
contig_505	ATGNNNNNGCT	a	0	0	4.75	4	4
contig_505	CCWGG	m	1	0	4.8	5	6
contig_506	GATC	a	1	0	3.6	5	12
contig_506	GATATC	a	1	0	4.5	2	2
contig_506	CCWGG	m	1	0	3.6	5	8
contig_507	GATC	a	1	0	4	3	16
contig_507	ANGTATAC	a	6	0	3	1	1
contig_508	GATC	a	1	0	3.8333333333333335	6	14
contig_508	GATATC	a	1	0	7	2	2
contig_509	GATC	a	1	0	4.5	16	34
contig_509	GATATC	a	1	0	3	1	2
contig_509	ATGNNNNNGCT	a	0	0	5	1	4
contig_509	CCWGG	m	1	0	5.666666666666667	3	16
contig_51	GATC	a	1	0	4.625	8	34
contig_51	ATGNNNNNGCT	a	0	0	3.5	2	7
contig_51	CCWGG	m	1	0	3.5	2	12
contig_510	GATC	a	1	0	4.4	5	18
contig_510	CCWGG	m	1	0	3.8	10	30
contig_511	GATC	a	1	0	3.3333333333333335	12	14
contig_511	ATGNNNNNGCT	a	0	0	3	1	2
contig_512	GATC	a	1	0	3	6	26
contig_513	GATC	a	1	0	4.714285714285714	28	30
contig_513	ATGNNNNNGCT	a	0	0	7	1	1
contig_513	CCWGG	m	1	0	4.1875	16	20
contig_514	GATC	a	1	0	4.333333333333333	24	30
contig_514	ATGNNNNNGCT	a	0	0	4	1	1
contig_514	CCWGG	m	1	0	4.0625	16	24
contig_515	GATC	a	1	0	4.217391304347826	46	88
contig_515	ATGNNNNNGCT	a	0	0	4.5	4	6
contig_515	CCWGG	m	1	0	3.826923076923077	52	112
contig_516	GATC	a	1	0	4	2	4
contig_516	GATATC	a	1	0	3.5	2	6
contig_516	ATGNNNNNGCT	a	0	0	3	1	2
contig_516	CCWGG	m	1	0	4.333333333333333	3	6
contig_517	GATC	a	1	0	4.285714285714286	21	36
contig_517	CCWGG	m	1	0	4.55	20	32
contig_518	GATC	a	1	0	5.04	25	32
contig_518	GATATC	a	1	0	3.3333333333333335	3	4
contig_518	ANGTATAC	a	6	0	4	4	5
contig_518	ATGNNNNNGCT	a	0	0	3.8	5	8
contig_518	CCWGG	m	1	0	4.7272727272727275	11	16
contig_519	GATC	a	1	0	4.2727272727272725	11	22
contig_519	ATGNNNNNGCT	a	0	0	4	1	1
contig_519	CCWGG	m	1	0	4.090909090909091	11	34
contig_52	GATC	a	1	0.6845238095238095	16.25	8	26
contig_52	GATATC	a	1	0.45	5.5	2	4
contig_52	ATGNNNNNGCT	a	0	0	12	1	1
contig_52	CCWGG	m	1	0.780952380952381	14.166666666666666	6	28
contig_520	GATC	a	1	0	5.277777777777778	18	36
contig_520	GATATC	a	1	0	4	1	2
contig_520	ATGNNNNNGCT	a	0	0	4.5	2	4
contig_520	CCWGG	m	1	0	6	3	4
contig_521	GATC	a	1	0	3.3333333333333335	6	20
contig_521	GATATC	a	1	0	3	1	2
contig_521	ATGNNNNNGCT	a	0	0	3	3	4
contig_521	CCWGG	m	1	0	4	1	10
contig_522	GATC	a	1	0	4.75	28	40
contig_522	GATATC	a	1	0	5	3	4
contig_522	CCWGG	m	1	0	4.142857142857143	28	60
contig_523	GATC	a	1	0	4.333333333333333	6	26
contig_523	ATGNNNNNGCT	a	0	0	4	1	6
contig_523	CCWGG	m	1	0	3	1	2
contig_524	GATC	a	1	0	7.783783783783784	37	38
contig_524	GATATC	a	1	0	10	2	2
contig_524	ATGNNNNNGCT	a	0	0	5.5	2	2
contig_524	CCWGG	m	1	0	6	33	38
contig_525	GATC	a	1	0.6666666666666666	4.111111111111111	9	16
contig_525	ATGNNNNNGCT	a	0	0	5	2	4
contig_525	CCWGG	m	1	0	3.3333333333333335	3	8
contig_526	GATC	a	1	0	3.642857142857143	28	46
contig_526	ATGNNNNNGCT	a	0	0	4	1	3
contig_526	CCWGG	m	1	0	4.066666666666666	15	28
contig_527	GATC	a	1	0	4.428571428571429	14	16
contig_527	ANGTATAC	a	6	0	5	1	1
contig_527	ATGNNNNNGCT	a	0	0	3.6	5	5
contig_527	CCWGG	m	1	0	4.575757575757576	33	44
contig_528	GATC	a	1	0	6.305555555555555	36	38
contig_528	GATATC	a	1	0	7	2	2
contig_528	ANGTATAC	a	6	0	10	1	1
contig_528	ATGNNNNNGCT	a	0	0	7	6	7
contig_528	CCWGG	m	1	0	6.785714285714286	14	18
contig_529	GATC	a	1	0	3.25	4	16
contig_53	GATC	a	1	0	3	4	12
contig_53	ATGNNNNNGCT	a	0	0	3	1	2
contig_530	GATC	a	1	0	3.111111111111111	9	28
contig_530	ATGNNNNNGCT	a	0	0	3	1	5
contig_531	GATC	a	1	0	5.405405405405405	37	46
contig_531	GATATC	a	1	0.05555555555555555	6	2	2
contig_531	ATGNNNNNGCT	a	0	0	4.5	2	3
contig_531	CCWGG	m	1	0	4.833333333333333	6	6
contig_532	GATC	a	1	0	4.471698113207547	53	60
contig_532	GATATC	a	1	0	4	2	2
contig_532	ATGNNNNNGCT	a	0	0	4	2	2
contig_532	CCWGG	m	1	0	4.195652173913044	46	58
contig_533	GATC	a	1	0	3.5714285714285716	7	24
contig_533	CCWGG	m	1	0	4	6	26
contig_535	GATC	a	1	0	5.75	12	12
contig_535	GATATC	a	1	0	5.25	4	4
contig_535	ANGTATAC	a	6	0	9	2	2
contig_535	ATGNNNNNGCT	a	0	0	8	1	1
contig_535	CCWGG	m	1	0	8.5	4	4
contig_536	GATC	a	1	0	4.5	26	32
contig_536	ATGNNNNNGCT	a	0	0	6	1	1
contig_536	CCWGG	m	1	0	4.7894736842105265	19	30
contig_537	GATC	a	1	0	3.9444444444444446	18	36
contig_537	GATATC	a	1	0	3	1	2
contig_537	CCWGG	m	1	0	4.176470588235294	17	28
contig_538	GATC	a	1	0	4.391304347826087	23	26
contig_538	ATGNNNNNGCT	a	0	0	3.75	4	4
contig_538	CCWGG	m	1	0	4.055555555555555	18	32
contig_539	GATC	a	1	0	3.923076923076923	13	52
contig_539	GATATC	a	1	0	3	2	8
contig_539	CCWGG	m	1	0	3.4	5	16
contig_54	GATC	a	1	0	3.933333333333333	15	36
contig_54	GATATC	a	1	0	4.5	2	4
contig_54	ATGNNNNNGCT	a	0	0	3	2	3
contig_54	CCWGG	m	1	0.1	4	2	6
contig_540	GATC	a	1	0	3.6666666666666665	21	44
contig_540	GATATC	a	1	0	4	1	2
contig_540	ATGNNNNNGCT	a	0	0	3	3	6
contig_540	CCWGG	m	1	0	4	4	6
contig_541	GATC	a	1	0	3.6315789473684212	19	44
contig_541	GATATC	a	1	0	4	1	6
contig_541	ANGTATAC	a	6	0	3	1	3
contig_541	ATGNNNNNGCT	a	0	0	4	2	7
contig_541	CCWGG	m	1	0	3.4285714285714284	7	14
contig_542	GATC	a	1	0	3.6363636363636362	11	28
contig_542	CCWGG	m	1	0	3.3636363636363638	11	38
contig_543	GATC	a	1	0	4.375	16	28
contig_543	CCWGG	m	1	0	3.642857142857143	14	36
contig_544	GATC	a	1	0	4.9	20	20
contig_544	GATATC	a	1	0	5	4	4
contig_544	ATGNNNNNGCT	a	0	0	3.3333333333333335	3	3
contig_545	GATC	a	1	0	4.333333333333333	27	42
contig_545	CCWGG	m	1	0	3.782608695652174	23	32
contig_546	GATC	a	1	0	3.4615384615384617	26	80
contig_546	GATATC	a	1	0	3.5	4	6
contig_546	ATGNNNNNGCT	a	0	0	4	2	9
contig_546	CCWGG	m	1	0	3	4	8
contig_547	GATC	a	1	0	4.3478260869565215	23	30
contig_547	ANGTATAC	a	6	0	5	1	1
contig_547	ATGNNNNNGCT	a	0	0	4	2	2
contig_547	CCWGG	m	1	0	4.294117647058823	17	24
contig_548	GATC	a	1	0	3.25	12	36
contig_548	ANGTATAC	a	6	0	4	1	2
contig_548	CCWGG	m	1	0	3	3	8
contig_549	GATC	a	1	0	6	23	24
contig_549	GATATC	a	1	0	6	4	4
contig_549	ATGNNNNNGCT	a	0	0.125	5.5	2	2
contig_549	CCWGG	m	1	0	6.75	4	4
contig_55	GATC	a	1	0	4.818181818181818	22	22
contig_55	GATATC	a	1	0	5.5	2	2
contig_55	ATGNNNNNGCT	a	0	0	4.666666666666667	3	3
contig_55	CCWGG	m	1	0	4.7272727272727275	22	28
contig_550	GATC	a	1	0	4.896551724137931	58	94
contig_550	ATGNNNNNGCT	a	0	0	3	1	2
contig_550	CCWGG	m	1	0	5.409090909090909	22	34
contig_551	GATC	a	1	0	3	3	12
contig_551	GATATC	a	1	0.78125	12	2	2
contig_551	ATGNNNNNGCT	a	0	0.25	4	1	1
contig_551	CCWGG	m	1	0	4	2	4
contig_552	GATC	a	1	0	4.133333333333334	45	72
contig_552	GATATC	a	1	0	4.333333333333333	3	4
contig_552	ATGNNNNNGCT	a	0	0	3	1	1
contig_552	CCWGG	m	1	0	3.9130434782608696	46	86
contig_553	GATC	a	1	0	3.8	15	26
contig_553	CCWGG	m	1	0	4	13	20
contig_554	GATC	a	1	0	3.1	20	46
contig_554	ATGNNNNNGCT	a	0	0	3	1	1
contig_554	CCWGG	m	1	0	3.3	30	84
contig_555	GATC	a	1	0	5.826086956521739	46	50
contig_555	GATATC	a	1	0	3	3	4
contig_555	ATGNNNNNGCT	a	0	0	5	2	3
contig_555	CCWGG	m	1	0	5.0588235294117645	17	18
contig_556	GATC	a	1	0	3.6666666666666665	3	6
contig_556	GATATC	a	1	0	4	1	6
contig_556	CCWGG	m	1	0	3	1	2
contig_557	GATC	a	1	0	4.9	30	48
contig_557	GATATC	a	1	0	4.25	4	10
contig_557	CCWGG	m	1	0	5.333333333333333	18	32
contig_558	GATC	a	1	0	4.647058823529412	17	18
contig_558	GATATC	a	1	0.08333333333333333	5	2	2
contig_558	ANGTATAC	a	6	0	6	1	1
contig_558	CCWGG	m	1	0	3.5	2	4
contig_559	GATC	a	1	0	4.103448275862069	29	36
contig_559	GATATC	a	1	0	4	2	6
contig_559	ATGNNNNNGCT	a	0	0	3	1	6
contig_559	CCWGG	m	1	0	3.75	8	16
contig_56	GATC	a	1	0	3.380952380952381	21	36
contig_56	GATATC	a	1	0	3	2	4
contig_56	CCWGG	m	1	0	3.142857142857143	7	14
contig_560	GATC	a	1	0.75	3.6666666666666665	9	28
contig_560	GATATC	a	1	0	3	1	2
contig_560	ATGNNNNNGCT	a	0	0	4	1	3
contig_560	CCWGG	m	1	0.75	3.7777777777777777	9	30
contig_561	GATC	a	1	0	4.866666666666666	15	16
contig_561	ATGNNNNNGCT	a	0	0	3.5	2	2
contig_562	GATC	a	1	0	4.038461538461538	26	44
contig_562	CCWGG	m	1	0	4.125	16	30
contig_564	GATC	a	1	0	3	4	36
contig_564	CCWGG	m	1	0	3	4	10
contig_565	GATC	a	1	0	5.05	20	30
contig_565	GATATC	a	1	0	3	1	2
contig_565	ATGNNNNNGCT	a	0	0	4	1	2
contig_565	CCWGG	m	1	0	5.6	10	22
contig_566	GATC	a	1	0	4.088235294117647	34	40
contig_566	GATATC	a	1	0	4	1	2
contig_566	ATGNNNNNGCT	a	0	0	4.5	6	6
contig_566	CCWGG	m	1	0	4.5	10	10
contig_567	GATC	a	1	0	4.157894736842105	19	24
contig_567	GATATC	a	1	0	6.5	2	2
contig_567	ATGNNNNNGCT	a	0	0	3.3333333333333335	3	3
contig_567	CCWGG	m	1	0	4.411764705882353	17	32
contig_568	GATC	a	1	0	5.142857142857143	21	26
contig_568	GATATC	a	1	0	3.3333333333333335	3	4
contig_568	ANGTATAC	a	6	0	7	1	1
contig_568	ATGNNNNNGCT	a	0	0	4.4	5	5
contig_568	CCWGG	m	1	0	5.484848484848484	33	38
contig_569	GATC	a	1	0	4.428571428571429	28	50
contig_569	GATATC	a	1	0	3	1	2
contig_569	ATGNNNNNGCT	a	0	0	5	1	1
contig_569	CCWGG	m	1	0	4.153846153846154	13	34
contig_57	GATC	a	1	0	3.272727272727273	11	26
contig_57	CCWGG	m	1	0	3	1	2
contig_570	GATC	a	1	0	4.285714285714286	7	26
contig_570	GATATC	a	1	0	3	4	6
contig_570	ATGNNNNNGCT	a	0	0	3	1	5
contig_570	CCWGG	m	1	0	4.25	4	12
contig_571	GATC	a	1	0	3.3333333333333335	3	4
contig_571	GATATC	a	1	0	3.3333333333333335	3	6
contig_571	ANGTATAC	a	6	0	4	1	1
contig_571	ATGNNNNNGCT	a	0	0	4	1	1
contig_571	CCWGG	m	1	0.16666666666666666	3	2	4
contig_572	GATC	a	1	0	4.066666666666666	15	30
contig_572	ATGNNNNNGCT	a	0	0	3.5	2	4
contig_572	CCWGG	m	1	0	3.5416666666666665	24	52
contig_573	GATC	a	1	0	4.342105263157895	38	52
contig_573	ATGNNNNNGCT	a	0	0	4.5	2	2
contig_573	CCWGG	m	1	0	4.157894736842105	38	62
contig_574	GATC	a	1	0	5.28	75	92
contig_574	ATGNNNNNGCT	a	0	0	7.5	2	2
contig_574	CCWGG	m	1	0	4.5	24	38
contig_575	GATC	a	1	0	4.205128205128205	39	68
contig_575	ATGNNNNNGCT	a	0	0	3.3333333333333335	3	4
contig_575	CCWGG	m	1	0	3.914285714285714	35	66
contig_576	GATC	a	1	0	5.96	25	54
contig_576	GATATC	a	1	0	3.6	5	12
contig_576	ATGNNNNNGCT	a	0	0	6	4	7
contig_576	CCWGG	m	1	0.626984126984127	13.083333333333334	12	24
contig_577	GATC	a	1	0	11.423076923076923	26	26
contig_577	GATATC	a	1	0.05	12	2	2
contig_577	ATGNNNNNGCT	a	0	0	13	1	1
contig_578	GATC	a	1	0	4.375	8	10
contig_578	CCWGG	m	1	0	4.5	4	4
contig_579	GATC	a	1	0	9.291666666666666	72	94
contig_579	GATATC	a	1	0	23.333333333333332	6	6
contig_579	ATGNNNNNGCT	a	0	0	16.22222222222222	9	14
contig_579	CCWGG	m	1	0	6.421052631578948	38	56
contig_58	GATC	a	1	0.3333333333333333	3.375	8	12
contig_58	GATATC	a	1	0	3.6666666666666665	3	6
contig_58	ATGNNNNNGCT	a	0	0	3	1	1
contig_580	GATC	a	1	0	3.814814814814815	27	66
contig_580	GATATC	a	1	0	4	2	10
contig_580	ATGNNNNNGCT	a	0	0.125	3.5	4	8
contig_580	CCWGG	m	1	0	4.6	5	12
contig_581	GATC	a	1	0	4.8	5	22
contig_581	CCWGG	m	1	0	6	1	4
contig_582	GATC	a	1	0	3.3333333333333335	3	10
contig_583	GATC	a	1	0	4	10	36
contig_583	ATGNNNNNGCT	a	0	0	3	1	4
contig_583	CCWGG	m	1	0	6	1	2
contig_584	GATC	a	1	0	4.086956521739131	23	38
contig_584	CCWGG	m	1	0	4.133333333333334	30	48
contig_585	GATC	a	1	0	4.368421052631579	19	28
contig_585	ATGNNNNNGCT	a	0	0.25	4	1	2
contig_585	CCWGG	m	1	0	3.4	5	8
contig_586	GATC	a	1	0	4.083333333333333	24	34
contig_586	ATGNNNNNGCT	a	0	0	5	1	1
contig_586	CCWGG	m	1	0	3.7666666666666666	30	56
contig_587	GATC	a	1	0	4.090909090909091	44	66
contig_587	GATATC	a	1	0	4.333333333333333	3	8
contig_587	ANGTATAC	a	6	0	4	1	3
contig_587	ATGNNNNNGCT	a	0	0	3.6666666666666665	3	5
contig_587	CCWGG	m	1	0	4.25	4	8
contig_588	GATC	a	1	0	4.894736842105263	19	32
contig_588	GATATC	a	1	0	3	1	2
contig_588	ATGNNNNNGCT	a	0	0.08333333333333333	5.5	2	3
contig_588	CCWGG	m	1	0	4.428571428571429	7	20
contig_589	GATC	a	1	0	3.744186046511628	43	66
contig_589	GATATC	a	1	0	5	2	2
contig_589	ANGTATAC	a	6	0	3.5	2	2
contig_589	ATGNNNNNGCT	a	0	0	4.333333333333333	3	5
contig_589	CCWGG	m	1	0	3.9482758620689653	58	92
contig_59	GATC	a	1	0	4.926829268292683	41	48
contig_59	GATATC	a	1	0	5.166666666666667	6	6
contig_59	ATGNNNNNGCT	a	0	0	4	1	2
contig_59	CCWGG	m	1	0	4.875	24	26
contig_590	GATC	a	1	0	4.457142857142857	35	48
contig_590	ATGNNNNNGCT	a	0	0	5	4	4
contig_590	CCWGG	m	1	0	4.054054054054054	37	60
contig_591	GATC	a	1	0.7638888888888888	10.3	10	38
contig_591	GATATC	a	1	1	5	1	2
contig_591	ATGNNNNNGCT	a	0	0.25	4	1	1
contig_591	CCWGG	m	1	0.5555555555555556	9.4	5	22
contig_592	GATC	a	1	0.6011029411764706	10.75	8	10
contig_592	GATATC	a	1	0	5	3	4
contig_592	ATGNNNNNGCT	a	0	0	3	1	1
contig_592	CCWGG	m	1	0.6666666666666666	5.666666666666667	9	14
contig_593	GATC	a	1	0	6.923076923076923	26	26
contig_593	GATATC	a	1	0	7.625	8	8
contig_593	ANGTATAC	a	6	0	7.5	2	2
contig_593	CCWGG	m	1	0	6.75	4	4
contig_594	GATC	a	1	0	4.5	36	42
contig_594	ATGNNNNNGCT	a	0	0	3	1	1
contig_594	CCWGG	m	1	0	3.9166666666666665	24	36
contig_595	GATATC	a	1	0	3	1	4
contig_595	CCWGG	m	1	0	3	2	6
contig_596	GATC	a	1	0	6.545454545454546	22	26
contig_596	GATATC	a	1	0	6.2	5	6
contig_596	ANGTATAC	a	6	0	4.333333333333333	3	3
contig_596	ATGNNNNNGCT	a	0	0	7.75	4	4
contig_597	GATC	a	1	0	3.3333333333333335	6	10
contig_597	GATATC	a	1	0	3	2	2
contig_597	ANGTATAC	a	6	0	5	1	1
contig_598	GATC	a	1	0	6.25	4	8
contig_598	GATATC	a	1	0	9.5	2	2
contig_598	ATGNNNNNGCT	a	0	0	6.666666666666667	3	6
contig_599	GATC	a	1	0	3.3076923076923075	13	20
contig_599	GATATC	a	1	0	3	1	4
contig_599	ATGNNNNNGCT	a	0	0	3	3	4
contig_599	CCWGG	m	1	0	3	1	6
contig_6	GATC	a	1	0.125	3.5	2	2
contig_6	ATGNNNNNGCT	a	0	0	4	1	1
contig_600	GATC	a	1	0	3.5	22	34
contig_600	GATATC	a	1	0	3	1	4
contig_600	ATGNNNNNGCT	a	0	0	4	4	6
contig_600	CCWGG	m	1	0	3	3	4
contig_601	GATC	a	1	0	4.5	18	26
contig_601	GATATC	a	1	0	5.5	2	2
contig_601	ANGTATAC	a	6	0	4	1	1
contig_601	CCWGG	m	1	0	3.625	8	14
contig_602	GATC	a	1	0	5.3	30	46
contig_602	GATATC	a	1	0	4.666666666666667	3	4
contig_602	ATGNNNNNGCT	a	0	0	4.5	2	3
contig_602	CCWGG	m	1	0	4.428571428571429	7	10
contig_603	GATC	a	1	0	4.375	16	20
contig_603	ANGTATAC	a	6	0	6	1	1
contig_603	ATGNNNNNGCT	a	0	0	3	1	2
contig_603	CCWGG	m	1	0	4.6	5	6
contig_604	GATC	a	1	0	6.217391304347826	46	48
contig_604	GATATC	a	1	0	5.4	5	6
contig_604	ATGNNNNNGCT	a	0	0	6.5	2	3
contig_604	CCWGG	m	1	0	5.733333333333333	15	16
contig_605	GATC	a	1	0	3.764705882352941	17	40
contig_605	GATATC	a	1	0	3	2	2
contig_605	ATGNNNNNGCT	a	0	0	5	1	3
contig_605	CCWGG	m	1	0	3.6666666666666665	3	6
contig_606	GATC	a	1	0.6666666666666666	3	11	42
contig_606	ATGNNNNNGCT	a	0	0	3	1	1
contig_606	CCWGG	m	1	0.8333333333333333	3	4	26
contig_607	GATC	a	1	0	4.083333333333333	12	16
contig_607	ANGTATAC	a	6	0	3.5	2	2
contig_608	GATC	a	1	0	3.8461538461538463	26	46
contig_608	ANGTATAC	a	6	0	4	1	1
contig_608	ATGNNNNNGCT	a	0	0	4	1	2
contig_608	CCWGG	m	1	0	3.851063829787234	47	76
contig_609	GATC	a	1	0	4.541666666666667	24	38
contig_609	GATATC	a	1	0	3	2	2
contig_609	CCWGG	m	1	0	4.9375	16	30
contig_61	GATC	a	1	0	5.655172413793103	58	88
contig_61	GATATC	a	1	0	5	1	2
contig_61	ANGTATAC	a	6	0	4.5	2	3
contig_61	ATGNNNNNGCT	a	0	0	4	1	1
contig_61	CCWGG	m	1	0	4.629032258064516	62	98
contig_610	GATC	a	1	0	4.285714285714286	49	56
contig_610	ATGNNNNNGCT	a	0	0	4.25	4	4
contig_610	CCWGG	m	1	0	4.264150943396227	53	72
contig_611	GATC	a	1	0	3.8518518518518516	27	32
contig_611	GATATC	a	1	0	3.6666666666666665	3	4
contig_611	ANGTATAC	a	6	0	4.25	4	4
contig_611	ATGNNNNNGCT	a	0	0	4	1	4
contig_611	CCWGG	m	1	0	3.6	10	10
contig_612	GATC	a	1	0	6.166666666666667	12	12
contig_612	GATATC	a	1	0	5.5	2	2
contig_613	GATC	a	1	0	3.6	5	12
contig_613	GATATC	a	1	0	4	1	2
contig_613	ANGTATAC	a	6	0	4	1	1
contig_613	ATGNNNNNGCT	a	0	0	3	1	3
contig_614	GATC	a	1	0	4.9523809523809526	21	30
contig_614	CCWGG	m	1	0	5.16	25	36
contig_615	GATC	a	1	0	3.6470588235294117	17	22
contig_615	GATATC	a	1	0	4.333333333333333	3	4
contig_615	ANGTATAC	a	6	0	3	1	1
contig_615	ATGNNNNNGCT	a	0	0	3.5	2	5
contig_615	CCWGG	m	1	0	4.222222222222222	9	14
contig_616	GATC	a	1	0	4.384615384615385	13	26
contig_616	GATATC	a	1	0	5	1	2
contig_616	ANGTATAC	a	6	0	5	1	1
contig_616	ATGNNNNNGCT	a	0	0	3	1	3
contig_616	CCWGG	m	1	0	5	2	6
contig_617	GATC	a	1	0	4.315789473684211	19	28
contig_617	ATGNNNNNGCT	a	0	0	4	1	1
contig_617	CCWGG	m	1	0	3.8181818181818183	11	26
contig_618	GATC	a	1	0	3.9	10	12
contig_618	ATGNNNNNGCT	a	0	0	5	1	3
contig_618	CCWGG	m	1	0	3.5	4	4
contig_619	GATC	a	1	0	4.538461538461538	13	22
contig_619	GATATC	a	1	0	5.5	2	2
contig_619	ANGTATAC	a	6	0	4.5	2	2
contig_619	ATGNNNNNGCT	a	0	0	5	1	1
contig_619	CCWGG	m	1	0	4.333333333333333	6	10
contig_62	GATC	a	1	0	6.84	25	32
contig_62	CCWGG	m	1	0	5.857142857142857	28	42
contig_620	GATC	a	1	0	3.888888888888889	9	22
contig_620	GATATC	a	1	0	4	2	2
contig_620	ATGNNNNNGCT	a	0	0	3.5	2	2
contig_620	CCWGG	m	1	0	3.6666666666666665	3	6
contig_621	GATC	a	1	0	5.909090909090909	11	16
contig_621	CCWGG	m	1	0	4.5625	16	24
contig_622	GATC	a	1	0.6666666666666666	3	1	18
contig_622	CCWGG	m	1	1	3	3	16
contig_623	GATC	a	1	0	4.411764705882353	34	42
contig_623	CCWGG	m	1	0	4.588235294117647	17	32
contig_624	GATC	a	1	0	3.6875	16	26
contig_624	GATATC	a	1	0.3333333333333333	3	1	2
contig_624	ATGNNNNNGCT	a	0	0	5	1	3
contig_624	CCWGG	m	1	0	3	3	4
contig_626	GATC	a	1	0	3	2	12
contig_626	ATGNNNNNGCT	a	0	0	3	1	2
contig_626	CCWGG	m	1	0	3.5	2	8
contig_627	GATC	a	1	0	4.346153846153846	26	34
contig_627	GATATC	a	1	0	4	1	2
contig_627	CCWGG	m	1	0	3.9545454545454546	22	38
contig_628	GATC	a	1	0	4.385964912280702	57	84
contig_628	GATATC	a	1	0.16666666666666666	3.5	4	8
contig_628	ATGNNNNNGCT	a	0	0	5.666666666666667	9	12
contig_628	CCWGG	m	1	0	4.458333333333333	24	34
contig_629	GATC	a	1	0	5.75	16	22
contig_629	GATATC	a	1	0	7.5	2	2
contig_629	CCWGG	m	1	0	5.75	12	14
contig_63	GATC	a	1	0	3.3684210526315788	19	38
contig_63	ATGNNNNNGCT	a	0	0	3	1	1
contig_63	CCWGG	m	1	0	3.888888888888889	18	46
contig_630	GATC	a	1	0	5.4	10	22
contig_630	ANGTATAC	a	6	0	4	1	2
contig_630	ATGNNNNNGCT	a	0	0	7	1	2
contig_630	CCWGG	m	1	0	3	1	2
contig_631	GATC	a	1	0	4.442622950819672	61	94
contig_631	ATGNNNNNGCT	a	0	0	4.8	5	6
contig_631	CCWGG	m	1	0	4.292307692307692	65	112
contig_632	GATC	a	1	0.4	3.75	4	12
contig_632	GATATC	a	1	0	3	1	8
contig_632	ATGNNNNNGCT	a	0	0	3	3	7
contig_632	CCWGG	m	1	0.5	4	3	10
contig_633	GATC	a	1	0	4.75	4	4
contig_633	GATATC	a	1	0	5.5	4	4
contig_633	ANGTATAC	a	6	0.125	8	1	1
contig_633	ATGNNNNNGCT	a	0	0	5	1	1
contig_634	GATC	a	1	0	3.3333333333333335	3	8
contig_634	GATATC	a	1	0	3.3333333333333335	3	4
contig_634	ATGNNNNNGCT	a	0	0	3	1	5
contig_634	CCWGG	m	1	0	3.6666666666666665	3	4
contig_635	GATC	a	1	0.7142857142857143	7.222222222222222	9	16
contig_635	ATGNNNNNGCT	a	0	0.3333333333333333	5	3	4
contig_635	CCWGG	m	1	0.85	12.8	5	6
contig_636	GATC	a	1	0	4.333333333333333	9	20
contig_636	GATATC	a	1	0	5	1	4
contig_636	ATGNNNNNGCT	a	0	0	7	1	2
contig_636	CCWGG	m	1	0	5.25	4	12
contig_637	GATC	a	1	0	3.3333333333333335	9	10
contig_637	GATATC	a	1	0	3	1	2
contig_637	ATGNNNNNGCT	a	0	0	3.5	2	2
contig_638	GATC	a	1	0	5.644444444444445	45	54
contig_638	GATATC	a	1	0.1111111111111111	6.5	2	2
contig_638	ATGNNNNNGCT	a	0	0.05	6.75	4	4
contig_638	CCWGG	m	1	0	4.836734693877551	49	74
contig_639	GATC	a	1	0	4.741935483870968	31	68
contig_639	GATATC	a	1	0	4	2	2
contig_639	CCWGG	m	1	0	4.916666666666667	24	56
contig_64	GATC	a	1	0	3.6666666666666665	3	6
contig_64	ATGNNNNNGCT	a	0	0	3	3	3
contig_640	GATC	a	1	0	3.8461538461538463	13	22
contig_640	CCWGG	m	1	0	3.6666666666666665	27	50
contig_641	GATC	a	1	0	3.2222222222222223	9	42
contig_641	GATATC	a	1	0	3.5	2	6
contig_641	ATGNNNNNGCT	a	0	0	4	1	3
contig_641	CCWGG	m	1	0	3.3333333333333335	3	8
contig_642	GATC	a	1	0	5.6440677966101696	59	72
contig_642	GATATC	a	1	0	5.375	8	10
contig_642	ANGTATAC	a	6	0	4.666666666666667	3	3
contig_642	ATGNNNNNGCT	a	0	0	5.142857142857143	14	15
contig_642	CCWGG	m	1	0	6	10	14
contig_643	GATC	a	1	0	4.625	16	26
contig_643	ATGNNNNNGCT	a	0	0.125	4	2	2
contig_643	CCWGG	m	1	0	4.111111111111111	18	32
contig_644	GATC	a	1	0	4.026315789473684	38	54
contig_644	GATATC	a	1	0	5	2	2
contig_644	ATGNNNNNGCT	a	0	0	5	1	2
contig_644	CCWGG	m	1	0	4.560975609756097	41	68
contig_645	GATC	a	1	0	5	17	34
contig_645	GATATC	a	1	0	3	1	2
contig_645	ATGNNNNNGCT	a	0	0	7	1	1
contig_645	CCWGG	m	1	0	4.783783783783784	37	80
contig_646	GATC	a	1	0	3	1	6
contig_646	GATATC	a	1	0	5	1	2
contig_646	ATGNNNNNGCT	a	0	0	3	1	2
contig_646	CCWGG	m	1	0	4	1	4
contig_647	GATC	a	1	0	5.0625	32	40
contig_647	GATATC	a	1	0.07142857142857142	5	2	2
contig_647	ATGNNNNNGCT	a	0	0	6	2	3
contig_647	CCWGG	m	1	0	4.611111111111111	18	26
contig_648	GATC	a	1	0	4.357142857142857	42	56
contig_648	GATATC	a	1	0	4	2	4
contig_648	ATGNNNNNGCT	a	0	0	4.142857142857143	7	9
contig_648	CCWGG	m	1	0	4.428571428571429	7	10
contig_649	GATC	a	1	0	3.6666666666666665	15	32
contig_649	ATGNNNNNGCT	a	0	0	4	1	2
contig_649	CCWGG	m	1	0	3.96	25	54
contig_65	GATC	a	1	0	3.5714285714285716	14	32
contig_65	ATGNNNNNGCT	a	0	0	3	1	2
contig_65	CCWGG	m	1	0	3	1	4
contig_650	CCWGG	m	1	0	3	1	16
contig_651	GATC	a	1	0	3.6153846153846154	13	36
contig_651	GATATC	a	1	0	4	1	2
contig_652	GATC	a	1	0	3.7	20	42
contig_652	GATATC	a	1	0	4	2	2
contig_652	CCWGG	m	1	0	3.8823529411764706	17	30
contig_653	GATC	a	1	1	3.736842105263158	19	42
contig_653	GATATC	a	1	0	3.6	5	10
contig_653	CCWGG	m	1	0.6666666666666666	3.3333333333333335	3	6
contig_654	GATC	a	1	0	5.051282051282051	39	54
contig_654	GATATC	a	1	0	4.666666666666667	3	4
contig_654	ATGNNNNNGCT	a	0	0	7	1	2
contig_654	CCWGG	m	1	0	5.045454545454546	44	82
contig_655	GATC	a	1	0	5.141025641025641	78	88
contig_655	ATGNNNNNGCT	a	0	0	4.8	5	6
contig_655	CCWGG	m	1	0	5.013888888888889	72	96
contig_656	GATC	a	1	0	4.922018348623853	218	272
contig_656	GATATC	a	1	0	6.5	4	6
contig_656	ANGTATAC	a	6	0	4	1	1
contig_656	ATGNNNNNGCT	a	0	0	5	7	10
contig_656	CCWGG	m	1	0	4.8397790055248615	181	268
contig_657	GATC	a	1	0	3.5	2	14
contig_657	GATATC	a	1	0.25	4.5	2	4
contig_657	ANGTATAC	a	6	0	3	1	1
contig_657	ATGNNNNNGCT	a	0	0	4	2	2
contig_658	GATC	a	1	0	5.325581395348837	43	62
contig_658	CCWGG	m	1	0	5.186046511627907	43	66
contig_659	GATC	a	1	0	3.5	18	28
contig_659	GATATC	a	1	0	4	1	2
contig_659	CCWGG	m	1	0	3.6666666666666665	3	8
contig_66	GATC	a	1	0	4.702702702702703	37	62
contig_66	ATGNNNNNGCT	a	0	0	7	1	3
contig_66	CCWGG	m	1	0	3.857142857142857	7	18
contig_660	GATC	a	1	0	4.823529411764706	68	88
contig_660	GATATC	a	1	0	5.5	2	2
contig_660	ATGNNNNNGCT	a	0	0	4.857142857142857	7	7
contig_660	CCWGG	m	1	0	4.829268292682927	41	70
contig_661	GATC	a	1	0	3	4	42
contig_661	GATATC	a	1	0	3	1	4
contig_661	ATGNNNNNGCT	a	0	0	4	1	3
contig_661	CCWGG	m	1	0	3	1	6
contig_663	GATC	a	1	0	4.666666666666667	3	4
contig_663	ATGNNNNNGCT	a	0	0.3333333333333333	3	1	1
contig_664	GATC	a	1	0	3.4545454545454546	11	24
contig_664	GATATC	a	1	0	4	3	4
contig_664	ATGNNNNNGCT	a	0	0	3	1	2
contig_664	CCWGG	m	1	0	3.6923076923076925	13	32
contig_665	GATC	a	1	0	3.5	2	6
contig_665	GATATC	a	1	0	3	1	2
contig_665	CCWGG	m	1	0	3.6666666666666665	3	6
contig_666	GATC	a	1	0	4.794871794871795	39	52
contig_666	GATATC	a	1	0	4.25	4	4
contig_666	ATGNNNNNGCT	a	0	0	4.75	4	5
contig_666	CCWGG	m	1	0	4.516666666666667	60	92
contig_667	GATC	a	1	0	5.2592592592592595	27	38
contig_667	ATGNNNNNGCT	a	0	0	6	4	4
contig_667	CCWGG	m	1	0	4.864864864864865	37	70
contig_668	GATC	a	1	0	3.56	25	48
contig_668	ANGTATAC	a	6	0	4	1	1
contig_668	ATGNNNNNGCT	a	0	0	3.3333333333333335	6	10
contig_668	CCWGG	m	1	0	3.6666666666666665	3	8
contig_669	GATC	a	1	0.6666666666666666	3	6	14
contig_669	GATATC	a	1	0	3	2	6
contig_669	ATGNNNNNGCT	a	0	0	3	1	2
contig_669	CCWGG	m	1	0	3	1	2
contig_67	GATC	a	1	0	3.3333333333333335	9	18
contig_67	GATATC	a	1	0	5	1	2
contig_67	ATGNNNNNGCT	a	0	0	3	1	4
contig_67	CCWGG	m	1	0	4	5	10
contig_670	GATC	a	1	0	4.416666666666667	12	20
contig_670	ATGNNNNNGCT	a	0	0	5	1	2
contig_670	CCWGG	m	1	0	4.818181818181818	11	22
contig_671	GATC	a	1	0	3.5454545454545454	11	26
contig_671	CCWGG	m	1	0	3.5	2	8
contig_672	GATC	a	1	0.6666666666666666	3.1666666666666665	6	14
contig_672	GATATC	a	1	0.5	3.6666666666666665	3	4
contig_672	CCWGG	m	1	1	3	2	12
contig_673	GATC	a	1	0	4.666666666666667	3	12
contig_673	GATATC	a	1	0	4	1	2
contig_673	CCWGG	m	1	0	3	1	2
contig_674	GATC	a	1	0	3.5	4	10
contig_675	GATC	a	1	0	4.111111111111111	18	20
contig_675	GATATC	a	1	0	4	1	2
contig_675	ATGNNNNNGCT	a	0	0.1	4	2	2
contig_675	CCWGG	m	1	0	4.222222222222222	9	10
contig_676	GATC	a	1	0	3.0555555555555554	18	40
contig_676	GATATC	a	1	0	4	2	4
contig_676	ATGNNNNNGCT	a	0	0	3	2	3
contig_677	GATC	a	1	0	3.85	20	22
contig_677	ATGNNNNNGCT	a	0	0	5	2	3
contig_677	CCWGG	m	1	0	4.166666666666667	6	8
contig_678	GATC	a	1	0	5.25	8	10
contig_678	GATATC	a	1	0.07142857142857142	5	2	2
contig_679	GATC	a	1	0	6	9	16
contig_679	GATATC	a	1	0	8	2	2
contig_679	ATGNNNNNGCT	a	0	0	7	2	3
contig_679	CCWGG	m	1	0	7.166666666666667	6	8
contig_68	GATC	a	1	0.3333333333333333	3.5	10	20
contig_680	GATC	a	1	0	3	1	16
contig_681	GATC	a	1	0	5.75	24	30
contig_681	GATATC	a	1	0	5.5	2	2
contig_681	ATGNNNNNGCT	a	0	0	5.333333333333333	3	3
contig_681	CCWGG	m	1	0	4.153846153846154	13	24
contig_682	GATC	a	1	0	3	6	32
contig_682	CCWGG	m	1	0	3	1	4
contig_683	GATC	a	1	0	3.4615384615384617	13	30
contig_683	ANGTATAC	a	6	0	4	1	2
contig_683	ATGNNNNNGCT	a	0	0	3	1	2
contig_683	CCWGG	m	1	0	4	1	2
contig_684	GATC	a	1	0	3.7	10	24
contig_684	GATATC	a	1	0	3	1	2
contig_684	ATGNNNNNGCT	a	0	0.1	4	2	6
contig_685	GATC	a	1	0	3.9166666666666665	12	14
contig_685	ATGNNNNNGCT	a	0	0	4	2	3
contig_685	CCWGG	m	1	0	4	4	4
contig_686	GATC	a	1	0	3.6666666666666665	15	32
contig_686	ATGNNNNNGCT	a	0	0	3	1	2
contig_686	CCWGG	m	1	0	3	1	10
contig_687	GATC	a	1	0	3.6666666666666665	6	20
contig_687	ATGNNNNNGCT	a	0	0	3.5	2	2
contig_688	GATATC	a	1	0	3	2	6
contig_688	ATGNNNNNGCT	a	0	0.25	4	1	2
contig_688	CCWGG	m	1	0	3	2	16
contig_689	GATC	a	1	0	3.9	10	18
contig_689	ATGNNNNNGCT	a	0	0	3.6666666666666665	3	5
contig_689	CCWGG	m	1	0	3.6666666666666665	3	8
contig_69	GATC	a	1	0	4.208333333333333	24	48
contig_69	CCWGG	m	1	0	4.333333333333333	18	26
contig_690	GATC	a	1	0.08333333333333333	3.875	8	8
contig_690	ATGNNNNNGCT	a	0	0	3.6666666666666665	3	5
contig_690	CCWGG	m	1	0	3	1	2
contig_691	GATC	a	1	0	4.125	8	10
contig_691	ATGNNNNNGCT	a	0	0	3	1	2
contig_691	CCWGG	m	1	0	3.2857142857142856	7	8
contig_692	GATC	a	1	0	3.2857142857142856	14	50
contig_692	GATATC	a	1	0	3	2	6
contig_692	ANGTATAC	a	6	0	3	1	2
contig_692	ATGNNNNNGCT	a	0	0	4	1	5
contig_692	CCWGG	m	1	0	3.3333333333333335	6	20
contig_693	GATC	a	1	0	3.5	4	26
contig_693	GATATC	a	1	0	3	1	2
contig_693	CCWGG	m	1	0	4	1	4
contig_694	GATC	a	1	0	4.444444444444445	9	18
contig_694	CCWGG	m	1	0	6	1	2
contig_695	GATC	a	1	0	4.196078431372549	51	84
contig_695	ATGNNNNNGCT	a	0	0	5	1	4
contig_695	CCWGG	m	1	0	4.326086956521739	46	104
contig_696	GATC	a	1	0	4.142857142857143	14	26
contig_696	CCWGG	m	1	0	3.5555555555555554	9	16
contig_697	GATC	a	1	0	4.346153846153846	26	40
contig_697	GATATC	a	1	0	4	3	4
contig_697	ATGNNNNNGCT	a	0	0	6	2	3
contig_697	CCWGG	m	1	0	4	7	10
contig_698	GATC	a	1	0	3.2	5	18
contig_698	ATGNNNNNGCT	a	0	0	3.5	2	2
contig_698	CCWGG	m	1	0	3	1	2
contig_699	GATC	a	1	0	3.0588235294117645	17	48
contig_699	ATGNNNNNGCT	a	0	0	3	2	3
contig_699	CCWGG	m	1	0	3.5	2	6
contig_7	CCWGG	m	1	0	4.5	2	2
contig_70	GATC	a	1	0	5.444444444444445	54	62
contig_70	ATGNNNNNGCT	a	0	0.25	4	1	1
contig_70	CCWGG	m	1	0	4.826923076923077	52	66
contig_700	GATC	a	1	0	4.416666666666667	24	28
contig_700	GATATC	a	1	0.07142857142857142	5	2	2
contig_700	CCWGG	m	1	0	4.571428571428571	14	20
contig_701	GATC	a	1	0	4.142857142857143	14	18
contig_701	GATATC	a	1	0	5.2	5	6
contig_701	ANGTATAC	a	6	0	4	1	1
contig_701	ATGNNNNNGCT	a	0	0	3	1	3
contig_701	CCWGG	m	1	0	3.7777777777777777	9	12
contig_702	GATC	a	1	0.25	3.3333333333333335	3	6
contig_703	GATC	a	1	0	3.5833333333333335	12	48
contig_703	GATATC	a	1	0	4	1	2
contig_703	ATGNNNNNGCT	a	0	0	3	1	3
contig_703	CCWGG	m	1	0	4	4	12
contig_704	GATC	a	1	0	4.173913043478261	23	56
contig_704	ANGTATAC	a	6	0	6	1	1
contig_704	ATGNNNNNGCT	a	0	0	3.5	2	7
contig_704	CCWGG	m	1	0	4	5	14
contig_705	GATC	a	1	0	4.553571428571429	56	82
contig_705	GATATC	a	1	0	3.3333333333333335	3	6
contig_705	ANGTATAC	a	6	0	7	1	1
contig_705	ATGNNNNNGCT	a	0	0	4.714285714285714	7	8
contig_705	CCWGG	m	1	0	4.6571428571428575	35	52
contig_706	GATC	a	1	0	4.944444444444445	36	38
contig_706	ATGNNNNNGCT	a	0	0	4.5	4	6
contig_706	CCWGG	m	1	0	4.733333333333333	15	18
contig_707	GATC	a	1	0	6.181818181818182	11	14
contig_707	ANGTATAC	a	6	0	3	1	1
contig_707	ATGNNNNNGCT	a	0	0	6	4	4
contig_707	CCWGG	m	1	0	6.333333333333333	6	8
contig_708	GATC	a	1	0	3.473684210526316	19	46
contig_708	ANGTATAC	a	6	0	4	1	1
contig_708	CCWGG	m	1	0	3.5	2	6
contig_709	GATC	a	1	1	3	2	8
contig_709	CCWGG	m	1	0	3	2	2
contig_71	GATATC	a	1	0.03571428571428571	9.5	2	2
contig_71	ATGNNNNNGCT	a	0	0	10.5	4	6
contig_710	GATC	a	1	0	3.9444444444444446	18	30
contig_710	ATGNNNNNGCT	a	0	0	5	2	2
contig_710	CCWGG	m	1	0	4.176470588235294	17	38
contig_711	GATC	a	1	0.3333333333333333	3	7	20
contig_711	CCWGG	m	1	0	3	1	2
contig_712	GATC	a	1	0	3	1	4
contig_712	GATATC	a	1	0	3	3	6
contig_712	CCWGG	m	1	0	4	1	2
contig_713	GATC	a	1	0	4.5	6	20
contig_713	ATGNNNNNGCT	a	0	0	3	1	2
contig_713	CCWGG	m	1	0	4.5	6	10
contig_714	GATC	a	1	0	3.6	5	14
contig_714	GATATC	a	1	0	4	2	2
contig_714	ANGTATAC	a	6	0	5	1	1
contig_714	ATGNNNNNGCT	a	0	0	3	1	3
contig_714	CCWGG	m	1	0	4.333333333333333	3	8
contig_715	GATC	a	1	0	6	8	10
contig_715	ANGTATAC	a	6	0	3.5	2	2
contig_715	ATGNNNNNGCT	a	0	0	5	2	2
contig_715	CCWGG	m	1	0	3	1	2
contig_716	GATC	a	1	0	4.173913043478261	69	126
contig_716	GATATC	a	1	0	5	1	2
contig_716	ATGNNNNNGCT	a	0	0	4.333333333333333	6	8
contig_716	CCWGG	m	1	0	4.131868131868132	91	194
contig_717	GATC	a	1	0	3.4285714285714284	35	80
contig_717	GATATC	a	1	0	4	1	2
contig_717	ATGNNNNNGCT	a	0	0	3	2	4
contig_717	CCWGG	m	1	0	3.6	5	14
contig_718	GATC	a	1	0	4.603174603174603	63	72
contig_718	GATATC	a	1	0	5.2	10	10
contig_718	ANGTATAC	a	6	0	4.5	2	2
contig_718	ATGNNNNNGCT	a	0	0	4.571428571428571	21	23
contig_718	CCWGG	m	1	0	4.133333333333334	15	18
contig_719	GATC	a	1	0	4.644444444444445	90	118
contig_719	GATATC	a	1	0	4	3	6
contig_719	ATGNNNNNGCT	a	0	0	5	10	11
contig_719	CCWGG	m	1	0	4.722222222222222	18	22
contig_72	GATC	a	1	0	4.380952380952381	21	36
contig_72	ATGNNNNNGCT	a	0	0	5	1	1
contig_72	CCWGG	m	1	0	4.230769230769231	13	26
contig_720	GATC	a	1	0.8877434135166093	74.375	64	64
contig_720	GATATC	a	1	0.8462236746550471	74.25	4	4
contig_720	ATGNNNNNGCT	a	0	0	66.33333333333333	3	3
contig_720	CCWGG	m	1	0.9215806715806716	64.55555555555556	36	36
contig_721	GATC	a	1	0	3.857142857142857	28	86
contig_721	GATATC	a	1	0	5	2	4
contig_721	ATGNNNNNGCT	a	0	0	3.3333333333333335	3	4
contig_721	CCWGG	m	1	0	4	4	18
contig_722	GATC	a	1	0	5	12	16
contig_722	GATATC	a	1	0	4	1	2
contig_722	ATGNNNNNGCT	a	0	0	3	1	2
contig_722	CCWGG	m	1	0	5.5	2	4
contig_723	GATC	a	1	0	45.96783625730994	342	342
contig_723	GATATC	a	1	0	47.59756097560975	82	82
contig_723	ANGTATAC	a	6	0	43.6	10	10
contig_723	ATGNNNNNGCT	a	0	0	43.17857142857143	56	56
contig_723	CCWGG	m	1	0	43.81159420289855	138	138
contig_724	GATC	a	1	0	4.553191489361702	47	62
contig_724	GATATC	a	1	0	5	2	4
contig_724	ANGTATAC	a	6	0	4	3	3
contig_724	ATGNNNNNGCT	a	0	0	4.4	5	8
contig_724	CCWGG	m	1	0	4.3076923076923075	13	20
contig_725	GATC	a	1	0	4.7317073170731705	41	52
contig_725	GATATC	a	1	0	6	1	2
contig_725	ATGNNNNNGCT	a	0	0	6	3	4
contig_725	CCWGG	m	1	0	4.4	30	56
contig_726	GATC	a	1	0	5.053333333333334	75	92
contig_726	GATATC	a	1	0	5.214285714285714	14	16
contig_726	ATGNNNNNGCT	a	0	0	5.615384615384615	13	19
contig_726	CCWGG	m	1	0	5.294117647058823	17	18
contig_727	GATC	a	1	0	11.513513513513514	37	38
contig_727	GATATC	a	1	0	10.375	16	16
contig_727	ANGTATAC	a	6	0	6	1	1
contig_727	ATGNNNNNGCT	a	0	0	11	2	2
contig_727	CCWGG	m	1	0	10.833333333333334	6	6
contig_728	GATC	a	1	0	5.432835820895522	67	74
contig_728	GATATC	a	1	0	6.1	10	10
contig_728	ATGNNNNNGCT	a	0	0	6.5	4	4
contig_728	CCWGG	m	1	0	4.972222222222222	36	40
contig_729	GATC	a	1	0	42.040485829959515	494	494
contig_729	GATATC	a	1	0	45.26315789473684	114	114
contig_729	ANGTATAC	a	6	0.01897601145721446	46.166666666666664	6	6
contig_729	ATGNNNNNGCT	a	0	0	41.47727272727273	88	88
contig_729	CCWGG	m	1	0	39.13636363636363	220	220
contig_73	GATC	a	1	0	3	3	10
contig_73	GATATC	a	1	0	3	2	4
contig_73	ATGNNNNNGCT	a	0	0	3.5	2	4
contig_73	CCWGG	m	1	0	3	3	10
contig_730	GATC	a	1	0	5.410071942446043	139	160
contig_730	GATATC	a	1	0	5.333333333333333	12	14
contig_730	ANGTATAC	a	6	0	8	1	1
contig_730	ATGNNNNNGCT	a	0	0	5.142857142857143	14	18
contig_730	CCWGG	m	1	0	5.391304347826087	23	26
contig_731	GATC	a	1	0	8.33125	160	182
contig_731	GATATC	a	1	0	5.647058823529412	17	20
contig_731	ANGTATAC	a	6	0	5	4	6
contig_731	ATGNNNNNGCT	a	0	0	7.739130434782608	23	24
contig_731	CCWGG	m	1	0	12.145454545454545	55	62
contig_732	GATC	a	1	0	3	7	44
contig_732	GATATC	a	1	0	3	1	2
contig_732	ATGNNNNNGCT	a	0	0	3	5	8
contig_732	CCWGG	m	1	0	3	2	12
contig_733	GATC	a	1	0	4.25	40	86
contig_733	GATATC	a	1	0	4.5	6	14
contig_733	ANGTATAC	a	6	0	4.333333333333333	3	4
contig_733	ATGNNNNNGCT	a	0	0	3.6666666666666665	9	12
contig_733	CCWGG	m	1	0	4.125	8	24
contig_734	GATC	a	1	0	4.676470588235294	68	114
contig_734	ATGNNNNNGCT	a	0	0	4.333333333333333	3	5
contig_734	CCWGG	m	1	0	4.069767441860465	43	90
contig_735	GATC	a	1	0	5.0625	64	72
contig_735	GATATC	a	1	0	5.25	4	4
contig_735	ANGTATAC	a	6	0	3.5	2	2
contig_735	ATGNNNNNGCT	a	0	0	4.875	8	11
contig_735	CCWGG	m	1	0	4.454545454545454	11	14
contig_736	GATC	a	1	0	5.34375	192	212
contig_736	GATATC	a	1	0	4.657894736842105	38	40
contig_736	ANGTATAC	a	6	0	6	3	3
contig_736	ATGNNNNNGCT	a	0	0	5.25	24	27
contig_736	CCWGG	m	1	0	5.015384615384615	65	70
contig_737	GATC	a	1	0	5.5	38	62
contig_737	GATATC	a	1	0	3	2	4
contig_737	ATGNNNNNGCT	a	0	0	6.5	4	7
contig_737	CCWGG	m	1	0	5.875	8	16
contig_738	GATC	a	1	0	5.203703703703703	54	68
contig_738	GATATC	a	1	0	4.666666666666667	15	16
contig_738	ANGTATAC	a	6	0	6	1	1
contig_738	ATGNNNNNGCT	a	0	0	5.083333333333333	12	12
contig_738	CCWGG	m	1	0	4.8	25	30
contig_739	GATC	a	1	0	5.455882352941177	68	82
contig_739	GATATC	a	1	0	5.5	6	6
contig_739	ATGNNNNNGCT	a	0	0	5.3	10	11
contig_739	CCWGG	m	1	0	5.4576271186440675	59	90
contig_74	GATC	a	1	0	3.8333333333333335	18	24
contig_74	GATATC	a	1	0	4	1	2
contig_74	ATGNNNNNGCT	a	0	0	4.5	2	3
contig_74	CCWGG	m	1	0	5.333333333333333	3	6
contig_740	GATC	a	1	0	4.064516129032258	31	42
contig_740	GATATC	a	1	0	5.5	2	2
contig_740	ATGNNNNNGCT	a	0	0	5	2	3
contig_740	CCWGG	m	1	0	5.75	4	8
contig_741	GATC	a	1	0	5.670103092783505	194	208
contig_741	GATATC	a	1	0	4.923076923076923	26	26
contig_741	ANGTATAC	a	6	0	6	2	3
contig_741	ATGNNNNNGCT	a	0	0	6.529411764705882	17	18
contig_741	CCWGG	m	1	0	5.411764705882353	51	56
contig_742	GATC	a	1	0	3.4285714285714284	14	72
contig_742	ATGNNNNNGCT	a	0	0	3.3333333333333335	3	8
contig_742	CCWGG	m	1	0	3	3	10
contig_743	GATC	a	1	0	5.296875	64	88
contig_743	GATATC	a	1	0	5.4	5	6
contig_743	ATGNNNNNGCT	a	0	0	5	2	2
contig_743	CCWGG	m	1	0	4.837837837837838	37	58
contig_744	GATC	a	1	0	3	1	2
contig_744	GATATC	a	1	0	6	1	2
contig_744	CCWGG	m	1	0	4	2	2
contig_745	GATC	a	1	0	5.105263157894737	19	26
contig_745	GATATC	a	1	0	4	6	6
contig_745	ATGNNNNNGCT	a	0	0	5.5	6	6
contig_745	CCWGG	m	1	0	4.888888888888889	9	12
contig_746	GATC	a	1	0	4.057142857142857	70	90
contig_746	GATATC	a	1	0	3.5	4	6
contig_746	ANGTATAC	a	6	0	4	1	2
contig_746	ATGNNNNNGCT	a	0	0	4.285714285714286	7	11
contig_746	CCWGG	m	1	0	3.8461538461538463	13	28
contig_747	GATC	a	1	0	5.426086956521739	115	156
contig_747	GATATC	a	1	0	4.875	16	22
contig_747	ANGTATAC	a	6	0	3.25	4	4
contig_747	ATGNNNNNGCT	a	0	0	5.5625	16	21
contig_747	CCWGG	m	1	0	5.133333333333334	60	78
contig_748	GATC	a	1	0	4.775862068965517	58	60
contig_748	GATATC	a	1	0	5.5	6	6
contig_748	ATGNNNNNGCT	a	0	0	4.125	8	8
contig_748	CCWGG	m	1	0	4.904761904761905	21	24
contig_749	GATC	a	1	0	4.534246575342466	73	98
contig_749	GATATC	a	1	0	3	2	2
contig_749	ANGTATAC	a	6	0	6	1	1
contig_749	ATGNNNNNGCT	a	0	0	6.5	2	2
contig_749	CCWGG	m	1	0	4.707692307692308	65	92
contig_75	GATATC	a	1	0.7	15	2	2
contig_75	ANGTATAC	a	6	0	31	1	1
contig_75	ATGNNNNNGCT	a	0	0	53.666666666666664	9	9
contig_75	CCWGG	m	1	0.8581235697940504	61	2	2
contig_750	GATC	a	1	0	4.142857142857143	7	8
contig_750	CCWGG	m	1	0	3.5	2	2
contig_752	GATC	a	1	0	3.6666666666666665	18	54
contig_752	GATATC	a	1	0.25	4	1	6
contig_752	ATGNNNNNGCT	a	0	0.125	3.25	4	12
contig_752	CCWGG	m	1	0	3	4	12
contig_753	GATC	a	1	0	5.6	5	12
contig_753	ATGNNNNNGCT	a	0	0	3	1	4
contig_753	CCWGG	m	1	0	3.5	2	10
contig_754	GATC	a	1	0	5.185185185185185	81	90
contig_754	GATATC	a	1	0	5.571428571428571	7	8
contig_754	ANGTATAC	a	6	0	6	1	1
contig_754	ATGNNNNNGCT	a	0	0	4.916666666666667	12	14
contig_754	CCWGG	m	1	0	4.5	12	18
contig_755	GATC	a	1	0	5.151515151515151	33	50
contig_755	GATATC	a	1	0	4	7	10
contig_755	ANGTATAC	a	6	0	5.4	5	7
contig_755	ATGNNNNNGCT	a	0	0	5.285714285714286	7	12
contig_755	CCWGG	m	1	0	5.090909090909091	11	18
contig_756	GATC	a	1	0	5.582417582417582	91	118
contig_756	GATATC	a	1	0	4.2	5	8
contig_756	ANGTATAC	a	6	0	5.666666666666667	3	3
contig_756	ATGNNNNNGCT	a	0	0	5.1875	16	20
contig_756	CCWGG	m	1	0	4.888888888888889	18	28
contig_757	GATC	a	1	0.7703845941697234	334.125	16	16
contig_757	CCWGG	m	1	0.845051617671602	189.3	10	10
contig_759	GATC	a	1	0	77.8875	80	80
contig_759	GATATC	a	1	0	81.33333333333333	18	18
contig_759	ANGTATAC	a	6	0.5	75.66666666666667	3	3
contig_759	ATGNNNNNGCT	a	0	0.8272576636288318	69.83333333333333	18	18
contig_759	CCWGG	m	1	0	74.61111111111111	18	18
contig_76	GATC	a	1	0	3.9285714285714284	14	20
contig_76	GATATC	a	1	0	3.5	4	6
contig_76	ATGNNNNNGCT	a	0	0	3.4	5	5
contig_76	CCWGG	m	1	0	3.625	8	10
contig_760	GATC	a	1	0	9.380952380952381	42	46
contig_760	GATATC	a	1	0	7.8	5	6
contig_760	ANGTATAC	a	6	0	12	2	2
contig_760	ATGNNNNNGCT	a	0	0	9.2	5	5
contig_760	CCWGG	m	1	0	10.909090909090908	11	14
contig_761	GATC	a	1	0	4.448717948717949	78	122
contig_761	GATATC	a	1	0	4.666666666666667	3	4
contig_761	ATGNNNNNGCT	a	0	0	5.5	4	5
contig_761	CCWGG	m	1	0	4.328125	64	100
contig_762	GATC	a	1	0	5.478260869565218	115	140
contig_762	GATATC	a	1	0	5.333333333333333	9	12
contig_762	ANGTATAC	a	6	0	6	1	1
contig_762	ATGNNNNNGCT	a	0	0	5.538461538461538	13	21
contig_762	CCWGG	m	1	0	5.285714285714286	28	34
contig_763	GATC	a	1	0.9085597214887833	328.27777777777777	108	108
contig_763	GATATC	a	1	0.8532608695652174	423.75	12	12
contig_763	ANGTATAC	a	6	0.002680965147453083	373	1	1
contig_763	ATGNNNNNGCT	a	0	0.04020100502512563	287.42857142857144	7	7
contig_763	CCWGG	m	1	0.9287597466368747	372.125	72	72
contig_764	GATC	a	1	0	6.022222222222222	90	102
contig_764	GATATC	a	1	0	5.529411764705882	17	22
contig_764	ANGTATAC	a	6	0	3.5	2	2
contig_764	ATGNNNNNGCT	a	0	0	6.066666666666666	15	17
contig_764	CCWGG	m	1	0	5.068965517241379	29	32
contig_765	GATC	a	1	0	4.8533333333333335	75	88
contig_765	GATATC	a	1	0	4.611111111111111	18	20
contig_765	ANGTATAC	a	6	0	3	2	3
contig_765	ATGNNNNNGCT	a	0	0	5.166666666666667	6	8
contig_765	CCWGG	m	1	0	4.285714285714286	21	24
contig_766	GATC	a	1	0	5.298245614035087	57	74
contig_766	GATATC	a	1	0	5.285714285714286	7	8
contig_766	ATGNNNNNGCT	a	0	0	4.25	4	5
contig_766	CCWGG	m	1	0	5.071428571428571	14	16
contig_767	GATC	a	1	0	4.426829268292683	82	124
contig_767	GATATC	a	1	0	4.666666666666667	9	16
contig_767	ATGNNNNNGCT	a	0	0	4.571428571428571	14	26
contig_767	CCWGG	m	1	0	4.454545454545454	22	34
contig_768	GATC	a	1	0	4.813186813186813	91	104
contig_768	GATATC	a	1	0	5.2631578947368425	19	22
contig_768	ANGTATAC	a	6	0.125	4.5	2	4
contig_768	ATGNNNNNGCT	a	0	0	5.25	16	19
contig_768	CCWGG	m	1	0	5.137931034482759	29	32
contig_769	GATC	a	1	0	4.391752577319588	97	120
contig_769	GATATC	a	1	0	5.5	4	4
contig_769	ATGNNNNNGCT	a	0	0	5	8	9
contig_769	CCWGG	m	1	0	4.371428571428571	70	114
contig_77	GATC	a	1	0	4	6	20
contig_77	ATGNNNNNGCT	a	0	0	4	1	2
contig_77	CCWGG	m	1	0	3.823529411764706	17	40
contig_770	GATC	a	1	0	5.472222222222222	108	130
contig_770	GATATC	a	1	0	6	6	8
contig_770	ANGTATAC	a	6	0	5.75	4	5
contig_770	ATGNNNNNGCT	a	0	0	5.2631578947368425	19	20
contig_770	CCWGG	m	1	0	4.625	24	38
contig_771	GATC	a	1	0.004709036918849444	202.9375	32	32
contig_771	GATATC	a	1	0.0025380710659898475	208.75	4	4
contig_771	ANGTATAC	a	6	0.09433962264150944	212	1	1
contig_771	ATGNNNNNGCT	a	0	0.7663043478260869	182.42857142857142	7	7
contig_771	CCWGG	m	1	0.007755916737952667	176.5	16	16
contig_772	GATC	a	1	0	3.8292682926829267	41	48
contig_772	GATATC	a	1	0.125	3.5	2	2
contig_772	ATGNNNNNGCT	a	0	0	3.3333333333333335	3	3
contig_772	CCWGG	m	1	0	3.5	10	14
contig_773	GATC	a	1	0	5.5	2	2
contig_773	CCWGG	m	1	0	6.5	2	2
contig_774	GATC	a	1	0	6.395833333333333	144	156
contig_774	GATATC	a	1	0	5.9	10	10
contig_774	ANGTATAC	a	6	0.14285714285714285	7	1	1
contig_774	ATGNNNNNGCT	a	0	0	6.555555555555555	9	9
contig_774	CCWGG	m	1	0	6.365853658536586	82	88
contig_775	GATC	a	1	0	6.7272727272727275	11	12
contig_775	GATATC	a	1	0	5.5	6	6
contig_775	ATGNNNNNGCT	a	0	0	6.5	2	3
contig_775	CCWGG	m	1	0	5	4	4
contig_776	GATC	a	1	0	6.02	200	218
contig_776	GATATC	a	1	0	5.423076923076923	26	28
contig_776	ANGTATAC	a	6	0	4.75	4	5
contig_776	ATGNNNNNGCT	a	0	0	5.566666666666666	30	33
contig_776	CCWGG	m	1	0	5.773584905660377	53	60
contig_777	GATC	a	1	1	3.111111111111111	9	92
contig_777	CCWGG	m	1	1	3	1	34
contig_78	GATC	a	1	0	10.25	8	8
contig_78	GATATC	a	1	0	10.5	2	2
contig_78	CCWGG	m	1	0	9.5	2	2
contig_79	GATC	a	1	0	5.357142857142857	70	92
contig_79	ATGNNNNNGCT	a	0	0	6	1	2
contig_79	CCWGG	m	1	0	5.333333333333333	39	54
contig_8	GATC	a	1	0.05	14.5	2	2
contig_8	GATATC	a	1	0	13	2	2
contig_8	CCWGG	m	1	0.12237762237762238	14.666666666666666	6	6
contig_80	GATC	a	1	0	3	1	4
contig_81	GATC	a	1	0	4.333333333333333	3	26
contig_81	ATGNNNNNGCT	a	0	0	3.5	2	2
contig_82	GATC	a	1	0	7.909090909090909	11	12
contig_82	ATGNNNNNGCT	a	0	0	4	1	2
contig_82	CCWGG	m	1	0.6666666666666666	3	1	2
contig_83	GATC	a	1	0	4.416666666666667	36	48
contig_83	ATGNNNNNGCT	a	0	0	3	1	1
contig_83	CCWGG	m	1	0	4.529411764705882	17	28
contig_84	GATC	a	1	0	4.607142857142857	28	48
contig_84	ATGNNNNNGCT	a	0	0	6.666666666666667	3	3
contig_84	CCWGG	m	1	0	4.157894736842105	19	44
contig_85	GATC	a	1	0	3.076923076923077	13	66
contig_85	GATATC	a	1	0	3	1	6
contig_85	ATGNNNNNGCT	a	0	0	3	1	3
contig_85	CCWGG	m	1	0	3	1	4
contig_86	GATC	a	1	0	3	1	36
contig_87	GATC	a	1	0	4	5	6
contig_87	GATATC	a	1	0	4	1	2
contig_88	GATC	a	1	0	4.153846153846154	26	34
contig_88	GATATC	a	1	0	4.5	10	10
contig_88	ANGTATAC	a	6	0	4	1	2
contig_88	ATGNNNNNGCT	a	0	0	4	7	11
contig_88	CCWGG	m	1	0	4.857142857142857	7	14
contig_89	GATC	a	1	0	3	4	44
contig_89	ATGNNNNNGCT	a	0	0	3	1	2
contig_9	GATC	a	1	0.5677039529015979	49.5	2	2
contig_9	GATATC	a	1	0.5952380952380952	19	2	2
contig_90	GATC	a	1	0	4.8076923076923075	52	82
contig_90	GATATC	a	1	0	5	1	2
contig_90	ATGNNNNNGCT	a	0	0	5	1	3
contig_90	CCWGG	m	1	0	3.9285714285714284	42	74
contig_91	GATC	a	1	0.9228660467286605	283.4736842105263	38	38
contig_91	GATATC	a	1	0.7557633498000471	187	2	2
contig_91	ANGTATAC	a	6	0.005681818181818182	350	3	3
contig_91	ATGNNNNNGCT	a	0	0.041666666666666664	213.2	5	5
contig_91	CCWGG	m	1	0.9293946014104952	293.3888888888889	36	36
contig_93	GATC	a	1	0	4.2	25	60
contig_93	ATGNNNNNGCT	a	0	0	5	1	1
contig_93	CCWGG	m	1	0	3.78125	32	74
contig_99	GATC	a	1	0	39.28846153846154	780	780
contig_99	GATATC	a	1	0	41.654761904761905	168	168
contig_99	ANGTATAC	a	6	0	35.61538461538461	13	13
contig_99	ATGNNNNNGCT	a	0	0	38.27049180327869	122	122
contig_99	CCWGG	m	1	0	36.76075268817204	372	372
